driveId:0, tickMs:0, currentPosition, targetPosition, currentSpeed, targetSpeed, error:4, integral:2, derivative:0, speedError:4, speedIntegral:2, sppedDerivative:0, kpTerm:3, kiTerm:3, kdTerm:3, kffTerm:3, kPSpeedTerm:3, kISpeedTerm:3, kDSpeedTerm:3, output:3, current:3
2, 144696, 0, 0, 2433, 0, 0, 0, 0, 0, 0, 0, 90, 0, 0, 0, 0, 0, 0, 0, 30
2, 144705, 0, 0, 2433, 0, 0, 0, 0, 0, 0, 0, 90, 0, 0, 0, 0, 0, 0, 0, 13
2, 144715, 0, 0, 2433, 0, 0, 0, 0, 0, 0, 0, 90, 0, 0, 0, 0, 0, 0, 0, 42
2, 144725, 0, 0, 2433, 0, 0, 0, 0, 0, 0, 0, 90, 0, 0, 0, 0, 0, 0, 0, 26
2, 144734, 0, 0, 2433, 0, 0, 0, 0, 0, 0, 0, 90, 0, 0, 0, 0, 0, 0, 0, 19
2, 144744, 0, 0, 2433, 0, 0, 0, 0, 0, 0, 0, 90, 0, 0, 0, 0, 0, 0, 0, 19
2, 144754, 0, 0, 2433, 0, 0, 0, 0, 0, 0, 0, 90, 0, 0, 0, 0, 0, 0, 0, 19
2, 144764, 0, 0, 2433, 0, 0, 0, 0, 0, 0, 0, 90, 0, 0, 0, 0, 0, 0, 0, 13
2, 144775, 0, 0, 2433, 0, 0, 0, 0, 0, 0, 0, 90, 0, 0, 0, 0, 0, 0, 0, 13
2, 144785, 0, 0, 2433, 0, 0, 0, 0, 0, 0, 0, 90, 0, 0, 0, 0, 0, 0, 0, 19
2, 144795, 0, 0, 2433, 0, 0, 0, 0, 0, 0, 0, 90, 0, 0, 0, 0, 0, 0, 0, 11
2, 144805, 0, 0, 2433, 0, 0, 0, 0, 0, 0, 0, 90, 0, 0, 0, 0, 0, 0, 0, 13
2, 144816, 0, 0, 2433, 0, 0, 0, 0, 0, 0, 0, 90, 0, 0, 0, 0, 0, 0, 0, 0
2, 144827, 0, 0, 2433, 0, 0, 0, 0, 0, 0, 0, 90, 0, 0, 0, 0, 0, 0, 0, 19
2, 144835, 0, 0, 2433, 0, 0, 0, 0, 0, 0, 0, 90, 0, 0, 0, 0, 0, 0, 0, 19
2, 144844, 0, 0, 2433, 0, 0, 0, 0, 0, 0, 0, 90, 0, 0, 0, 0, 0, 0, 0, 19
2, 144856, 0, 0, 2433, 0, 0, 0, 0, 0, 0, 0, 90, 0, 0, 0, 0, 0, 0, 0, 19
2, 144865, 0, 0, 2433, 0, 0, 0, 0, 0, 0, 0, 90, 0, 0, 0, 0, 0, 0, 0, 24
2, 144875, 0, 0, 2433, 0, 0, 0, 0, 0, 0, 0, 90, 0, 0, 0, 0, 0, 0, 0, 11
2, 144884, 0, 0, 2433, 0, 0, 0, 0, 0, 0, 0, 90, 0, 0, 0, 0, 0, 0, 0, 19
2, 144895, 0, 0, 2433, 0, 0, 0, 0, 0, 0, 0, 90, 0, 0, 0, 0, 0, 0, 0, 19
2, 144905, 0, 0, 2433, 0, 0, 0, 0, 0, 0, 0, 90, 0, 0, 0, 0, 0, 0, 0, 19
2, 144914, 0, 0, 2433, 0, 0, 0, 0, 0, 0, 0, 90, 0, 0, 0, 0, 0, 0, 0, 13
2, 144925, 0, 0, 2433, 0, 0, 0, 0, 0, 0, 0, 90, 0, 0, 0, 0, 0, 0, 0, 19
2, 144934, 0, 0, 2433, 0, 0, 0, 0, 0, 0, 0, 90, 0, 0, 0, 0, 0, 0, 0, 21
2, 144944, 0, 0, 2433, 0, 0, 0, 0, 0, 0, 0, 90, 0, 0, 0, 0, 0, 0, 0, 13
2, 144954, 0, 0, 2433, 0, 0, 0, 0, 0, 0, 0, 90, 0, 0, 0, 0, 0, 0, 0, 13
2, 144964, 0, 0, 2433, 0, 0, 0, 0, 0, 0, 0, 90, 0, 0, 0, 0, 0, 0, 0, 19
2, 144975, 0, 0, 2433, 0, 0, 0, 0, 0, 0, 0, 90, 0, 0, 0, 0, 0, 0, 0, 15
2, 144985, 314824, 314824, 0, -1155, 0, 0, 0, 0, 0, 0, 0, 0, 0, -4, 0, 0, 0, -4, 19
2, 144994, 314824, 314818, 0, -2311, -6, -6, 0, 0, 0, 0, -1, -1, 0, -8, 0, 0, 0, -10, 19
2, 145006, 314824, 314800, 0, -3466, -24, -30, 0, 0, 0, 0, -1, -1, 0, -12, 0, 0, 0, -14, 13
2, 145015, 314824, 314771, 0, -4622, -53, -83, 0, 0, 0, 0, -2, -1, 0, -16, 0, 0, 0, -19, 21
2, 145025, 314824, 314731, 0, -5777, -93, -176, 0, 0, 0, 0, -3, -1, 0, -20, 0, 0, 0, -24, 11
2, 145035, 314824, 314679, 0, -6933, -145, -321, 0, 0, 0, 0, -5, -1, 0, -24, 0, 0, 0, -30, 13
2, 145044, 314824, 314615, 0, -8089, -209, -530, 0, 0, 0, 0, -7, -1, 0, -28, 0, 0, 0, -36, 19
2, 145059, 314824, 314540, 0, -9244, -284, -814, 0, 0, 0, 0, -9, -1, 0, -32, 0, 0, 0, -42, 19
2, 145065, 314736, 314454, -1099, -10400, -282, -1096, 0, 0, 0, 0, -9, -1, 0, -36, 0, 0, 0, -46, 11
2, 145075, 314736, 314355, -962, -11555, -381, -1477, 0, 0, 0, 0, -12, -1, 0, -40, 0, 0, 0, -53, 19
2, 145084, 314736, 314246, -841, -12711, -490, -1967, 0, 0, 0, 0, -15, -1, 0, -44, 0, 0, 0, -60, 23
2, 145095, 314736, 314124, -736, -13867, -612, -2579, 0, 0, 0, 0, -19, -1, 0, -48, 0, 0, 0, -68, 19
2, 145105, 314736, 313991, -644, -15022, -745, -3324, 0, 0, 0, 0, -23, -1, 0, -52, 0, 0, 0, -76, 19
2, 145114, 314648, 313847, -1663, -16178, -801, -4125, 0, 0, 0, 0, -25, -1, 0, -56, 0, 0, 0, -82, 21
2, 145125, 314648, 313691, -1455, -17333, -957, -5082, 0, 0, 0, 0, -30, -1, 0, -60, 0, 0, 0, -91, 21
2, 145134, 314560, 313523, -2373, -18489, -1037, -6119, 0, 0, 0, 0, -32, -1, 0, -64, 0, 0, 0, -97, 21
2, 145144, 314384, 313344, -4276, -19645, -1040, -7159, 0, 0, 0, 0, -32, -1, 0, -68, 0, 0, 0, -101, 13
2, 145155, 314033, 313154, -8129, -20800, -879, -8038, 0, 0, 0, 0, -27, -1, 0, -72, 0, 0, 0, -100, 13
2, 145164, 313769, 312951, -10413, -21956, -818, -8856, 0, 0, 0, 0, -25, -2, 0, -76, 0, 0, 0, -103, 19
2, 145175, 313418, 312738, -13499, -23111, -680, -9536, 0, 0, 0, 0, -21, -2, 0, -79, 0, 0, 0, -102, 11
2, 145184, 313066, 312512, -16211, -24267, -554, -10090, 0, 0, 0, 0, -17, -2, 0, -83, 0, 0, 0, -102, 19
2, 145194, 312715, 312275, -18572, -25423, -440, -10530, 0, 0, 0, 0, -14, -2, 0, -87, 0, 0, 0, -103, 19
2, 145205, 312627, 312027, -17351, -26578, -600, -11130, 0, 0, 0, 0, -19, -2, 0, -91, 0, 0, 0, -112, 19
2, 145214, 312627, 311767, -15182, -27734, -860, -11990, 0, 0, 0, 0, -27, -2, 0, -95, 0, 0, 0, -124, 19
2, 145225, 312363, 311495, -16584, -28889, -868, -12858, 0, 0, 0, 0, -27, -2, 0, -99, 0, 0, 0, -128, 26
2, 145234, 312011, 311212, -18911, -30045, -799, -13657, 0, 0, 0, 0, -25, -2, 0, -103, 0, 0, 0, -130, 13
2, 145244, 311572, 310918, -22034, -31201, -654, -14311, 0, 0, 0, 0, -20, -2, 0, -107, 0, 0, 0, -129, 26
2, 145255, 311133, 310611, -24767, -32356, -522, -14833, 0, 0, 0, 0, -16, -2, 0, -111, 0, 0, 0, -129, 19
2, 145264, 310693, 310294, -27171, -33512, -399, -15232, 0, 0, 0, 0, -13, -2, 0, -115, 0, 0, 0, -130, 26
2, 145275, 310166, 309964, -30362, -34667, -202, -15434, 0, 0, 0, 0, -7, -2, 0, -119, 0, 0, 0, -128, 19
2, 145284, 309638, 309623, -33167, -35823, -15, -15449, 0, 0, 0, 0, -1, -2, 0, -123, 0, 0, 0, -126, 19
2, 145294, 309111, 309271, -35608, -36979, 160, -15289, 0, 0, 0, 0, 4, -2, 0, -127, 0, 0, 0, -125, 13
2, 145307, 308672, 308907, -36645, -38134, 235, -15054, 0, 0, 0, 0, 7, -2, 0, -131, 0, 0, 0, -126, 28
2, 145316, 308144, 308531, -38664, -39290, 387, -14667, 0, 0, 0, 0, 11, -2, 0, -135, 0, 0, 0, -126, 19
2, 145325, 307617, 308144, -40418, -40445, 527, -14140, 0, 0, 0, 0, 16, -2, 0, -139, 0, 0, 0, -125, 13
2, 145335, 306914, 307745, -44153, -41601, 831, -13309, 0, 0, 0, 0, 25, -2, 0, -143, 0, 0, 0, -120, 9
2, 145345, 306474, 307335, -44134, -42757, 861, -12448, 0, 0, 0, 0, 26, -2, 0, -147, 0, 0, 0, -123, 13
2, 145355, 306123, 306913, -43005, -43912, 790, -11658, 0, 0, 0, 0, 24, -2, 0, -151, 0, 0, 0, -129, 23
2, 145364, 305683, 306480, -43129, -45068, 797, -10861, 0, 0, 0, 0, 24, -2, 0, -155, 0, 0, 0, -133, 19
2, 145375, 305156, 306035, -44325, -46223, 879, -9982, 0, 0, 0, 0, 26, -2, 0, -158, 0, 0, 0, -134, 23
2, 145384, 304804, 305579, -43185, -47379, 775, -9207, 0, 0, 0, 0, 23, -2, 0, -162, 0, 0, 0, -141, 21
2, 145394, 304277, 305111, -44374, -48535, 834, -8373, 0, 0, 0, 0, 25, -2, 0, -166, 0, 0, 0, -143, 23
2, 145405, 303838, 304631, -44315, -49690, 793, -7580, 0, 0, 0, 0, 24, -1, 0, -170, 0, 0, 0, -147, 23
2, 145414, 303398, 304140, -44275, -50846, 742, -6838, 0, 0, 0, 0, 22, -1, 0, -174, 0, 0, 0, -153, 36
2, 145425, 302959, 303637, -44228, -52001, 678, -6160, 0, 0, 0, 0, 20, -1, 0, -178, 0, 0, 0, -159, 42
2, 145434, 302343, 303123, -46399, -53157, 780, -5380, 0, 0, 0, 0, 23, -1, 0, -182, 0, 0, 0, -160, 44
2, 145444, 301904, 302597, -46087, -54313, 693, -4687, 0, 0, 0, 0, 21, -1, 0, -186, 0, 0, 0, -166, 65
2, 145455, 301552, 302060, -44726, -55468, 508, -4179, 0, 0, 0, 0, 15, -1, 0, -190, 0, 0, 0, -176, 61
2, 145464, 301201, 301511, -43523, -56624, 310, -3869, 0, 0, 0, 0, 9, -1, 0, -194, 0, 0, 0, -186, 67
2, 145474, 300849, 300951, -42482, -57779, 102, -3767, 0, 0, 0, 0, 3, -1, 0, -198, 0, 0, 0, -196, 92
2, 145484, 300586, 300379, -40459, -58935, -207, -3974, 0, 0, 0, 0, -7, -1, 0, -202, 0, 0, 0, -210, 80
2, 145495, 300410, 299795, -37602, -60091, -615, -4589, 0, 0, 0, 0, -19, -1, 0, -206, 0, 0, 0, -226, 111
2, 145506, 300058, 299200, -37301, -61246, -858, -5447, 0, 0, 0, 0, -27, -1, 0, -210, 0, 0, 0, -238, 111
2, 145514, 299883, 298593, -34826, -62402, -1290, -6737, 0, 0, 0, 0, -40, -1, 0, -214, 0, 0, 0, -255, 130
2, 145525, 299707, 297975, -32673, -63557, -1732, -8469, 0, 0, 0, 0, -53, -2, 0, -218, 0, 0, 0, -273, 130
2, 145535, 299355, 297345, -32988, -64713, -2010, -10479, 0, 0, 0, 0, -62, -2, 0, -222, 0, 0, 0, -286, 157
2, 145545, 299179, 296704, -31065, -65869, -2475, -12954, 0, 0, 0, 0, -76, -2, 0, -226, 0, 0, 0, -304, 159
2, 145558, 298740, 296051, -32669, -67024, -2689, -15643, 0, 0, 0, 0, -83, -2, 0, -230, 0, 0, 0, -315, 166
2, 145565, 298301, 295386, -34073, -68180, -2915, -18558, 0, 0, 0, 0, -89, -3, 0, -234, 0, 0, 0, -326, 176
2, 145575, 297949, 294710, -34214, -69335, -3239, -21797, 0, 0, 0, 0, -99, -3, 0, -237, 0, 0, 0, -339, 184
2, 145584, 297246, 294023, -38724, -70491, -3223, -25020, 0, 0, 0, 0, -99, -4, 0, -241, 0, 0, 0, -344, 195
2, 145594, 296894, 293324, -38284, -71647, -3570, -28590, 0, 0, 0, 0, -109, -4, 0, -245, 0, 0, 0, -358, 197
2, 145605, 296367, 292613, -40086, -72802, -3754, -32344, 0, 0, 0, 0, -115, -4, 0, -249, 0, 0, 0, -368, 226
2, 145614, 295752, 291891, -42762, -73958, -3861, -36205, 0, 0, 0, 0, -118, -5, 0, -253, 0, 0, 0, -376, 228
2, 145625, 295224, 291157, -44017, -75113, -4067, -40272, 0, 0, 0, 0, -125, -5, 0, -257, 0, 0, 0, -387, 241
2, 145636, 294521, 290411, -47302, -76269, -4110, -44382, 0, 0, 0, 0, -126, -6, 0, -261, 0, 0, 0, -393, 249
2, 145644, 293906, 289655, -49077, -77425, -4251, -48633, 0, 0, 0, 0, -130, -6, 0, -265, 0, 0, 0, -401, 257
2, 145657, 293203, 288886, -51730, -78580, -4317, -52950, 0, 0, 0, 0, -132, -7, 0, -269, 0, 0, 0, -408, 272
2, 145666, 292412, 288106, -55151, -79736, -4306, -57256, 0, 0, 0, 0, -132, -7, 0, -273, 0, 0, 0, -412, 258
2, 145675, 291797, 287314, -55944, -80891, -4483, -61739, 0, 0, 0, 0, -137, -8, 0, -277, 0, 0, 0, -422, 280
2, 145685, 290742, 286511, -62139, -82047, -4231, -65970, 0, 0, 0, 0, -130, -9, 0, -281, 0, 0, 0, -420, 272
2, 145694, 290127, 285697, -62059, -83203, -4430, -70400, 0, 0, 0, 0, -136, -9, 0, -285, 0, 0, 0, -430, 266
2, 145705, 289336, 284870, -64189, -84358, -4466, -74866, 0, 0, 0, 0, -137, -10, 0, -289, 0, 0, 0, -436, 264
2, 145714, 288457, 284033, -67152, -85514, -4424, -79290, 0, 0, 0, 0, -136, -10, 0, -293, 0, 0, 0, -439, 266
2, 145725, 287490, 283183, -70846, -86669, -4307, -83597, 0, 0, 0, 0, -132, -11, 0, -297, 0, 0, 0, -440, 258
2, 145734, 286435, 282322, -75177, -87825, -4113, -87710, 0, 0, 0, 0, -126, -11, 0, -301, 0, 0, 0, -438, 258
2, 145744, 285556, 281450, -76768, -88981, -4106, -91816, 0, 0, 0, 0, -126, -12, 0, -305, 0, 0, 0, -443, 251
2, 145755, 284414, 280566, -81447, -90136, -3848, -95664, 0, 0, 0, 0, -118, -12, 0, -309, 0, 0, 0, -439, 257
2, 145764, 283447, 279670, -83353, -91292, -3777, -99441, 0, 0, 0, 0, -116, -13, 0, -313, 0, 0, 0, -442, 257
2, 145776, 282392, 278763, -86121, -92447, -3629, -103070, 0, 0, 0, 0, -111, -13, 0, -316, 0, 0, 0, -440, 257
2, 145785, 281338, 277844, -88531, -93603, -3494, -106564, 0, 0, 0, 0, -107, -14, 0, -320, 0, 0, 0, -441, 253
2, 145794, 280283, 276914, -90652, -94759, -3369, -109933, 0, 0, 0, 0, -103, -14, 0, -324, 0, 0, 0, -441, 249
2, 145805, 279052, 275972, -94708, -95914, -3080, -113013, 0, 0, 0, 0, -94, -14, 0, -328, 0, 0, 0, -436, 228
2, 145815, 277998, 275019, -96044, -97070, -2979, -115992, 0, 0, 0, 0, -91, -15, 0, -332, 0, 0, 0, -438, 228
2, 145826, 276943, 274054, -97226, -98225, -2889, -118881, 0, 0, 0, 0, -89, -15, 0, -336, 0, 0, 0, -440, 228
2, 145835, 275537, 273077, -102648, -99381, -2460, -121341, 0, 0, 0, 0, -76, -15, 0, -340, 0, 0, 0, -431, 226
2, 145844, 274394, 272089, -104104, -100537, -2305, -123646, 0, 0, 0, 0, -71, -16, 0, -344, 0, 0, 0, -431, 220
2, 145854, 273076, 271090, -107566, -101692, -1986, -125632, 0, 0, 0, 0, -61, -16, 0, -348, 0, 0, 0, -425, 220
2, 145866, 272021, 270079, -107308, -102848, -1942, -127574, 0, 0, 0, 0, -60, -16, 0, -352, 0, 0, 0, -428, 228
2, 145875, 270879, 269056, -108169, -104003, -1823, -129397, 0, 0, 0, 0, -56, -16, 0, -356, 0, 0, 0, -428, 228
2, 145885, 269736, 268022, -108935, -105159, -1714, -131111, 0, 0, 0, 0, -53, -17, 0, -360, 0, 0, 0, -430, 228
2, 145894, 268418, 266976, -111793, -106315, -1442, -132553, 0, 0, 0, 0, -45, -17, 0, -364, 0, 0, 0, -426, 226
2, 145904, 267451, 265919, -109907, -107470, -1532, -134085, 0, 0, 0, 0, -47, -17, 0, -368, 0, 0, 0, -432, 218
2, 145914, 266220, 264850, -111556, -108626, -1370, -135455, 0, 0, 0, 0, -42, -17, 0, -372, 0, 0, 0, -431, 216
2, 145925, 265166, 263769, -110786, -109781, -1397, -136852, 0, 0, 0, 0, -43, -17, 0, -376, 0, 0, 0, -436, 218
2, 145934, 264023, 262677, -111225, -110937, -1346, -138198, 0, 0, 0, 0, -42, -17, 0, -380, 0, 0, 0, -439, 218
2, 145944, 262881, 261573, -111597, -112093, -1308, -139506, 0, 0, 0, 0, -40, -18, 0, -384, 0, 0, 0, -442, 226
2, 145954, 261650, 260458, -113035, -113248, -1192, -140698, 0, 0, 0, 0, -37, -18, 0, -388, 0, 0, 0, -443, 233
2, 145964, 260595, 259332, -112093, -114404, -1263, -141961, 0, 0, 0, 0, -39, -18, 0, -392, 0, 0, 0, -449, 243
2, 145974, 259453, 258193, -112356, -115559, -1260, -143221, 0, 0, 0, 0, -39, -18, 0, -395, 0, 0, 0, -452, 239
2, 145984, 258310, 257044, -112599, -116715, -1266, -144487, 0, 0, 0, 0, -39, -18, 0, -399, 0, 0, 0, -456, 243
2, 145995, 257168, 255882, -112799, -117871, -1286, -145773, 0, 0, 0, 0, -40, -18, 0, -403, 0, 0, 0, -461, 241
2, 146005, 255849, 254709, -115186, -119026, -1140, -146913, 0, 0, 0, 0, -35, -18, 0, -407, 0, 0, 0, -460, 233
2, 146014, 254619, 253525, -116163, -120182, -1094, -148007, 0, 0, 0, 0, -34, -19, 0, -411, 0, 0, 0, -464, 241
2, 146025, 253388, 252329, -117030, -121337, -1059, -149066, 0, 0, 0, 0, -33, -19, 0, -415, 0, 0, 0, -467, 257
2, 146035, 252158, 251121, -117776, -122493, -1037, -150103, 0, 0, 0, 0, -32, -19, 0, -419, 0, 0, 0, -470, 249
2, 146044, 250927, 249902, -118441, -123649, -1025, -151128, 0, 0, 0, 0, -32, -19, 0, -423, 0, 0, 0, -474, 257
2, 146054, 249609, 248671, -120111, -124804, -938, -152066, 0, 0, 0, 0, -29, -19, 0, -427, 0, 0, 0, -475, 258
2, 146066, 248291, 247429, -121572, -125960, -862, -152928, 0, 0, 0, 0, -27, -19, 0, -431, 0, 0, 0, -477, 253
2, 146075, 246972, 246175, -122863, -127115, -797, -153725, 0, 0, 0, 0, -25, -19, 0, -435, 0, 0, 0, -479, 258
2, 146085, 245566, 244910, -125080, -128271, -656, -154381, 0, 0, 0, 0, -21, -19, 0, -439, 0, 0, 0, -479, 241
2, 146094, 243633, 243633, -133607, -129427, 0, -154381, 0, 0, 0, 0, 0, -19, 0, -443, 0, 0, 0, -462, 241
2, 146105, 242754, 242344, -127894, -130582, -410, -154791, 0, 0, 0, 0, -13, -19, 0, -447, 0, 0, 0, -479, 226
2, 146114, 241435, 241044, -128395, -131738, -391, -155182, 0, 0, 0, 0, -12, -19, 0, -451, 0, 0, 0, -482, 235
2, 146125, 240205, 239733, -127720, -132893, -472, -155654, 0, 0, 0, 0, -15, -20, 0, -455, 0, 0, 0, -490, 241
2, 146134, 238711, 238409, -130430, -134049, -302, -155956, 0, 0, 0, 0, -10, -20, 0, -459, 0, 0, 0, -489, 258
2, 146144, 237480, 237075, -129514, -135205, -405, -156361, 0, 0, 0, 0, -13, -20, 0, -463, 0, 0, 0, -496, 257
2, 146154, 236074, 235728, -130899, -136360, -346, -156707, 0, 0, 0, 0, -11, -20, 0, -467, 0, 0, 0, -498, 253
2, 146164, 234843, 234371, -129924, -137516, -472, -157179, 0, 0, 0, 0, -15, -20, 0, -471, 0, 0, 0, -506, 264
2, 146174, 233349, 233001, -132359, -138671, -348, -157527, 0, 0, 0, 0, -11, -20, 0, -474, 0, 0, 0, -505, 257
2, 146185, 231943, 231620, -133389, -139827, -323, -157850, 0, 0, 0, 0, -10, -20, 0, -478, 0, 0, 0, -508, 257
2, 146194, 230537, 230228, -134290, -140983, -309, -158159, 0, 0, 0, 0, -10, -20, 0, -482, 0, 0, 0, -512, 258
2, 146204, 229131, 228824, -135079, -142138, -307, -158466, 0, 0, 0, 0, -10, -20, 0, -486, 0, 0, 0, -516, 268
2, 146214, 227636, 227408, -136881, -143294, -228, -158694, 0, 0, 0, 0, -7, -20, 0, -490, 0, 0, 0, -517, 280
2, 146225, 226230, 225981, -137346, -144449, -249, -158943, 0, 0, 0, 0, -8, -20, 0, -494, 0, 0, 0, -522, 272
2, 146234, 224648, 224542, -139953, -145605, -106, -159049, 0, 0, 0, 0, -4, -20, 0, -498, 0, 0, 0, -522, 264
2, 146244, 223066, 223092, -142233, -146761, 26, -159023, 0, 0, 0, 0, 0, -20, 0, -502, 0, 0, 0, -522, 266
2, 146254, 221396, 221630, -145329, -147916, 234, -158789, 0, 0, 0, 0, 7, -20, 0, -506, 0, 0, 0, -519, 237
2, 146265, 219902, 220157, -145838, -149072, 255, -158534, 0, 0, 0, 0, 7, -20, 0, -510, 0, 0, 0, -523, 258
2, 146275, 218320, 218672, -147383, -150227, 352, -158182, 0, 0, 0, 0, 10, -20, 0, -514, 0, 0, 0, -524, 266
2, 146284, 216826, 217175, -147635, -151383, 349, -157833, 0, 0, 0, 0, 10, -20, 0, -518, 0, 0, 0, -528, 272
2, 146294, 215156, 215667, -150055, -152539, 511, -157322, 0, 0, 0, 0, 15, -20, 0, -522, 0, 0, 0, -527, 281
2, 146308, 213662, 214148, -149973, -153694, 486, -156836, 0, 0, 0, 0, 14, -20, 0, -526, 0, 0, 0, -532, 264
2, 146316, 212256, 212616, -148802, -154850, 360, -156476, 0, 0, 0, 0, 10, -20, 0, -530, 0, 0, 0, -540, 258
2, 146325, 210674, 211074, -149976, -156005, 400, -156076, 0, 0, 0, 0, 12, -20, 0, -534, 0, 0, 0, -542, 272
2, 146334, 208476, 209519, -158704, -157161, 1043, -155033, 0, 0, 0, 0, 31, -19, 0, -538, 0, 0, 0, -526, 280
2, 146345, 206982, 207954, -157541, -158317, 972, -154061, 0, 0, 0, 0, 29, -19, 0, -542, 0, 0, 0, -532, 272
2, 146354, 205840, 206376, -152123, -159472, 536, -153525, 0, 0, 0, 0, 16, -19, 0, -546, 0, 0, 0, -549, 272
2, 146364, 204345, 204787, -151795, -160628, 442, -153083, 0, 0, 0, 0, 13, -19, 0, -550, 0, 0, 0, -556, 281
2, 146374, 202588, 203187, -154783, -161783, 599, -152484, 0, 0, 0, 0, 18, -19, 0, -553, 0, 0, 0, -554, 278
2, 146385, 201093, 201575, -154123, -162939, 482, -152002, 0, 0, 0, 0, 14, -19, 0, -557, 0, 0, 0, -562, 280
2, 146394, 199336, 199951, -156820, -164095, 615, -151387, 0, 0, 0, 0, 18, -19, 0, -561, 0, 0, 0, -562, 289
2, 146404, 197578, 198316, -159192, -165250, 738, -150649, 0, 0, 0, 0, 22, -19, 0, -565, 0, 0, 0, -562, 306
2, 146414, 195908, 196669, -160168, -166406, 761, -149888, 0, 0, 0, 0, 23, -19, 0, -569, 0, 0, 0, -565, 326
2, 146425, 194238, 195011, -161022, -167561, 773, -149115, 0, 0, 0, 0, 23, -19, 0, -573, 0, 0, 0, -569, 310
2, 146436, 192568, 193341, -161769, -168717, 773, -148342, 0, 0, 0, 0, 23, -19, 0, -577, 0, 0, 0, -573, 291
2, 146444, 190898, 191660, -162423, -169873, 762, -147580, 0, 0, 0, 0, 23, -19, 0, -581, 0, 0, 0, -577, 289
2, 146455, 189052, 189967, -165195, -171028, 915, -146665, 0, 0, 0, 0, 27, -18, 0, -585, 0, 0, 0, -576, 295
2, 146467, 187207, 188262, -167608, -172184, 1055, -145610, 0, 0, 0, 0, 32, -18, 0, -589, 0, 0, 0, -575, 303
2, 146475, 185713, 186546, -165332, -173339, 833, -144777, 0, 0, 0, 0, 25, -18, 0, -593, 0, 0, 0, -586, 303
2, 146484, 183867, 184819, -167740, -173340, 952, -143825, 0, 0, 0, 0, 29, -18, 0, -593, 0, 0, 0, -582, 310
2, 146494, 181582, 183085, -175335, -173340, 1503, -142322, 0, 0, 0, 0, 45, -18, 0, -593, 0, 0, 0, -566, 306
2, 146505, 180351, 181352, -168806, -173340, 1001, -141321, 0, 0, 0, 0, 30, -18, 0, -593, 0, 0, 0, -581, 274
2, 146514, 178593, 179618, -169680, -173340, 1025, -140296, 0, 0, 0, 0, 31, -18, 0, -593, 0, 0, 0, -580, 266
2, 146525, 176748, 177885, -171532, -173340, 1137, -139159, 0, 0, 0, 0, 34, -17, 0, -593, 0, 0, 0, -576, 281
2, 146534, 174726, 176152, -175365, -173340, 1426, -137733, 0, 0, 0, 0, 43, -17, 0, -593, 0, 0, 0, -567, 287
2, 146545, 173056, 174418, -174320, -173340, 1362, -136371, 0, 0, 0, 0, 41, -17, 0, -593, 0, 0, 0, -569, 281
2, 146554, 170947, 172685, -178892, -173340, 1738, -134633, 0, 0, 0, 0, 53, -17, 0, -593, 0, 0, 0, -557, 285
2, 146565, 169277, 170951, -177405, -172184, 1674, -132959, 0, 0, 0, 0, 51, -17, 0, -589, 0, 0, 0, -555, 276
2, 146574, 167256, 169224, -180492, -171028, 1968, -130991, 0, 0, 0, 0, 60, -16, 0, -585, 0, 0, 0, -541, 264
2, 146584, 165674, 167508, -177706, -169873, 1834, -129157, 0, 0, 0, 0, 55, -16, 0, -581, 0, 0, 0, -542, 257
2, 146594, 163828, 165803, -178567, -168717, 1975, -127182, 0, 0, 0, 0, 60, -16, 0, -577, 0, 0, 0, -533, 260
2, 146604, 162246, 164110, -176021, -167562, 1864, -125318, 0, 0, 0, 0, 56, -16, 0, -573, 0, 0, 0, -533, 258
2, 146614, 160488, 162429, -175993, -166406, 1941, -123377, 0, 0, 0, 0, 59, -16, 0, -569, 0, 0, 0, -526, 253
2, 146624, 158906, 160759, -173769, -165250, 1853, -121524, 0, 0, 0, 0, 56, -15, 0, -565, 0, 0, 0, -524, 237
2, 146634, 157148, 159101, -174023, -164095, 1953, -119571, 0, 0, 0, 0, 59, -15, 0, -561, 0, 0, 0, -517, 228
2, 146644, 155478, 157454, -173145, -162939, 1976, -117595, 0, 0, 0, 0, 60, -15, 0, -557, 0, 0, 0, -512, 226
2, 146654, 153720, 155819, -173477, -161784, 2099, -115496, 0, 0, 0, 0, 64, -15, 0, -553, 0, 0, 0, -504, 233
2, 146665, 152051, 154195, -172654, -160628, 2144, -113352, 0, 0, 0, 0, 65, -14, 0, -550, 0, 0, 0, -499, 226
2, 146675, 150293, 152583, -173048, -159472, 2290, -111062, 0, 0, 0, 0, 69, -14, 0, -546, 0, 0, 0, -491, 233
2, 146685, 148623, 150983, -172291, -158317, 2360, -108702, 0, 0, 0, 0, 72, -14, 0, -542, 0, 0, 0, -484, 226
2, 146694, 146865, 149394, -172730, -157161, 2529, -106173, 0, 0, 0, 0, 77, -13, 0, -538, 0, 0, 0, -474, 218
2, 146705, 145283, 147816, -170914, -156006, 2533, -103640, 0, 0, 0, 0, 77, -13, 0, -534, 0, 0, 0, -470, 218
2, 146714, 143789, 146250, -168224, -154850, 2461, -101179, 0, 0, 0, 0, 75, -13, 0, -530, 0, 0, 0, -468, 218
2, 146725, 142470, 144696, -163684, -153694, 2226, -98953, 0, 0, 0, 0, 67, -13, 0, -526, 0, 0, 0, -472, 212
2, 146734, 140976, 143153, -161898, -152539, 2177, -96776, 0, 0, 0, 0, 66, -12, 0, -522, 0, 0, 0, -468, 218
2, 146744, 139570, 141622, -159236, -151383, 2052, -94724, 0, 0, 0, 0, 62, -12, 0, -518, 0, 0, 0, -468, 212
2, 146754, 138076, 140103, -158006, -150228, 2027, -92697, 0, 0, 0, 0, 61, -12, 0, -514, 0, 0, 0, -465, 205
2, 146764, 136758, 138595, -154730, -149072, 1837, -90860, 0, 0, 0, 0, 56, -12, 0, -510, 0, 0, 0, -466, 214
2, 146774, 135263, 137098, -154076, -147916, 1835, -89025, 0, 0, 0, 0, 55, -11, 0, -506, 0, 0, 0, -462, 218
2, 146785, 133857, 135613, -152392, -146761, 1756, -87269, 0, 0, 0, 0, 53, -11, 0, -502, 0, 0, 0, -460, 203
2, 146794, 132363, 134140, -152018, -145605, 1777, -85492, 0, 0, 0, 0, 54, -11, 0, -498, 0, 0, 0, -455, 210
2, 146804, 130869, 132678, -151690, -144450, 1809, -83683, 0, 0, 0, 0, 55, -11, 0, -494, 0, 0, 0, -450, 210
2, 146815, 129375, 131228, -151404, -143294, 1853, -81830, 0, 0, 0, 0, 56, -10, 0, -490, 0, 0, 0, -444, 203
2, 146825, 128056, 129789, -148966, -142138, 1733, -80097, 0, 0, 0, 0, 52, -10, 0, -486, 0, 0, 0, -444, 197
2, 146834, 126562, 128362, -149020, -140983, 1800, -78297, 0, 0, 0, 0, 54, -10, 0, -482, 0, 0, 0, -438, 195
2, 146844, 125068, 126946, -149067, -139827, 1878, -76419, 0, 0, 0, 0, 57, -10, 0, -478, 0, 0, 0, -431, 195
2, 146854, 123662, 125542, -148009, -138672, 1880, -74539, 0, 0, 0, 0, 57, -10, 0, -474, 0, 0, 0, -427, 187
2, 146865, 122431, 124150, -144895, -137516, 1719, -72820, 0, 0, 0, 0, 52, -9, 0, -471, 0, 0, 0, -428, 182
2, 146875, 121113, 122769, -143258, -136360, 1656, -71164, 0, 0, 0, 0, 50, -9, 0, -467, 0, 0, 0, -426, 184
2, 146884, 119883, 121399, -140726, -135205, 1516, -69648, 0, 0, 0, 0, 46, -9, 0, -463, 0, 0, 0, -426, 187
2, 146894, 118476, 120041, -140722, -134049, 1565, -68083, 0, 0, 0, 0, 47, -9, 0, -459, 0, 0, 0, -421, 184
2, 146904, 117246, 118695, -138507, -132894, 1449, -66634, 0, 0, 0, 0, 44, -9, 0, -455, 0, 0, 0, -420, 174
2, 146914, 115927, 117360, -137681, -131738, 1433, -65201, 0, 0, 0, 0, 43, -8, 0, -451, 0, 0, 0, -416, 176
2, 146925, 114697, 116037, -135846, -130582, 1340, -63861, 0, 0, 0, 0, 40, -8, 0, -447, 0, 0, 0, -415, 184
2, 146934, 113379, 114726, -135340, -129427, 1347, -62514, 0, 0, 0, 0, 41, -8, 0, -443, 0, 0, 0, -410, 172
2, 146944, 112236, 113426, -132710, -128271, 1190, -61324, 0, 0, 0, 0, 36, -8, 0, -439, 0, 0, 0, -411, 166
2, 146954, 110918, 112137, -132596, -127116, 1219, -60105, 0, 0, 0, 0, 37, -8, 0, -435, 0, 0, 0, -406, 166
2, 146964, 109775, 110860, -130309, -125960, 1085, -59020, 0, 0, 0, 0, 33, -8, 0, -431, 0, 0, 0, -406, 172
2, 146974, 108457, 109595, -130495, -124804, 1138, -57882, 0, 0, 0, 0, 34, -8, 0, -427, 0, 0, 0, -401, 166
2, 146984, 107138, 108341, -130671, -123649, 1203, -56679, 0, 0, 0, 0, 36, -7, 0, -423, 0, 0, 0, -394, 164
2, 146994, 105820, 107099, -130812, -122493, 1279, -55400, 0, 0, 0, 0, 39, -7, 0, -419, 0, 0, 0, -387, 164
2, 147005, 104502, 105868, -130935, -121338, 1366, -54034, 0, 0, 0, 0, 41, -7, 0, -415, 0, 0, 0, -381, 157
2, 147014, 103183, 104649, -131056, -120182, 1466, -52568, 0, 0, 0, 0, 44, -7, 0, -411, 0, 0, 0, -374, 140
2, 147025, 101953, 103441, -130049, -119026, 1488, -51080, 0, 0, 0, 0, 45, -7, 0, -407, 0, 0, 0, -369, 134
2, 147035, 100634, 102245, -130280, -117871, 1611, -49469, 0, 0, 0, 0, 49, -7, 0, -403, 0, 0, 0, -361, 134
2, 147044, 99580, 101061, -127170, -116715, 1481, -47988, 0, 0, 0, 0, 45, -6, 0, -399, 0, 0, 0, -360, 134
2, 147054, 98349, 99888, -126661, -115560, 1539, -46449, 0, 0, 0, 0, 46, -6, 0, -395, 0, 0, 0, -355, 132
2, 147068, 97119, 98726, -126203, -114404, 1607, -44842, 0, 0, 0, 0, 49, -6, 0, -392, 0, 0, 0, -349, 126
2, 147075, 96064, 97577, -123615, -113248, 1513, -43329, 0, 0, 0, 0, 46, -6, 0, -388, 0, 0, 0, -348, 128
2, 147084, 94922, 96438, -122438, -112093, 1516, -41813, 0, 0, 0, 0, 46, -6, 0, -384, 0, 0, 0, -344, 118
2, 147094, 93340, 95312, -126908, -110937, 1972, -39841, 0, 0, 0, 0, 60, -5, 0, -380, 0, 0, 0, -325, 113
2, 147104, 92636, 94196, -119845, -109782, 1560, -38281, 0, 0, 0, 0, 47, -5, 0, -376, 0, 0, 0, -334, 111
2, 147114, 91582, 93093, -118039, -108626, 1511, -36770, 0, 0, 0, 0, 46, -5, 0, -372, 0, 0, 0, -331, 111
2, 147125, 90527, 92001, -116471, -107470, 1474, -35296, 0, 0, 0, 0, 44, -5, 0, -368, 0, 0, 0, -329, 105
2, 147134, 89560, 90920, -114000, -106315, 1360, -33936, 0, 0, 0, 0, 41, -5, 0, -364, 0, 0, 0, -328, 118
2, 147144, 88593, 89851, -111837, -105159, 1258, -32678, 0, 0, 0, 0, 38, -4, 0, -360, 0, 0, 0, -326, 111
2, 147154, 87539, 88794, -111032, -104004, 1255, -31423, 0, 0, 0, 0, 38, -4, 0, -356, 0, 0, 0, -322, 115
2, 147165, 86484, 87748, -110341, -102848, 1264, -30159, 0, 0, 0, 0, 38, -4, 0, -352, 0, 0, 0, -318, 111
2, 147174, 85429, 86714, -109736, -101692, 1285, -28874, 0, 0, 0, 0, 39, -4, 0, -348, 0, 0, 0, -313, 132
2, 147185, 84375, 85691, -109194, -100537, 1316, -27558, 0, 0, 0, 0, 40, -4, 0, -344, 0, 0, 0, -308, 105
2, 147194, 83144, 84680, -110932, -99381, 1536, -26022, 0, 0, 0, 0, 46, -4, 0, -340, 0, 0, 0, -298, 105
2, 147204, 82177, 83680, -109153, -98226, 1503, -24519, 0, 0, 0, 0, 45, -3, 0, -336, 0, 0, 0, -294, 111
2, 147214, 81211, 82692, -107583, -97070, 1481, -23038, 0, 0, 0, 0, 45, -3, 0, -332, 0, 0, 0, -290, 95
2, 147225, 80244, 81716, -106223, -95914, 1472, -21566, 0, 0, 0, 0, 44, -3, 0, -328, 0, 0, 0, -287, 95
2, 147235, 79365, 80751, -103932, -94759, 1386, -20180, 0, 0, 0, 0, 42, -3, 0, -324, 0, 0, 0, -285, 82
2, 147244, 78486, 79798, -101928, -93603, 1312, -18868, 0, 0, 0, 0, 40, -3, 0, -320, 0, 0, 0, -283, 88
2, 147255, 77607, 78856, -100175, -92448, 1249, -17619, 0, 0, 0, 0, 38, -3, 0, -316, 0, 0, 0, -281, 88
2, 147266, 76640, 77926, -99740, -91292, 1286, -16333, 0, 0, 0, 0, 39, -2, 0, -313, 0, 0, 0, -276, 86
2, 147275, 75849, 77007, -97160, -90136, 1158, -15175, 0, 0, 0, 0, 35, -2, 0, -309, 0, 0, 0, -276, 88
2, 147284, 74883, 76100, -97090, -88981, 1217, -13958, 0, 0, 0, 0, 37, -2, 0, -305, 0, 0, 0, -270, 88
2, 147294, 73740, 75204, -99241, -87825, 1464, -12494, 0, 0, 0, 0, 44, -2, 0, -301, 0, 0, 0, -259, 80
2, 147306, 73125, 74320, -94523, -86670, 1195, -11299, 0, 0, 0, 0, 36, -2, 0, -297, 0, 0, 0, -263, 80
2, 147317, 72334, 73448, -92595, -85514, 1114, -10185, 0, 0, 0, 0, 33, -2, 0, -293, 0, 0, 0, -262, 80
2, 147325, 71455, 72587, -92008, -84358, 1132, -9053, 0, 0, 0, 0, 34, -2, 0, -289, 0, 0, 0, -257, 80
2, 147335, 70312, 71737, -94795, -83203, 1425, -7628, 0, 0, 0, 0, 43, -1, 0, -285, 0, 0, 0, -243, 72
2, 147345, 69521, 70899, -92833, -82047, 1378, -6250, 0, 0, 0, 0, 42, -1, 0, -281, 0, 0, 0, -240, 67
2, 147354, 68906, 70073, -88916, -80892, 1167, -5083, 0, 0, 0, 0, 35, -1, 0, -277, 0, 0, 0, -243, 65
2, 147364, 68115, 69259, -87689, -79736, 1144, -3939, 0, 0, 0, 0, 34, -1, 0, -273, 0, 0, 0, -240, 65
2, 147375, 67324, 68455, -86615, -78580, 1131, -2808, 0, 0, 0, 0, 34, -1, 0, -269, 0, 0, 0, -236, 61
2, 147384, 66621, 67664, -84576, -77425, 1043, -1765, 0, 0, 0, 0, 31, -1, 0, -265, 0, 0, 0, -235, 65
2, 147394, 65918, 66884, -82791, -76269, 966, -799, 0, 0, 0, 0, 29, -1, 0, -261, 0, 0, 0, -233, 65
2, 147405, 65127, 66115, -82330, -75114, 988, 189, 0, 0, 0, 0, 30, 0, 0, -257, 0, 0, 0, -227, 61
2, 147414, 64424, 65358, -80826, -73958, 934, 1123, 0, 0, 0, 0, 28, 0, 0, -253, 0, 0, 0, -225, 65
2, 147425, 63633, 64613, -80610, -72802, 980, 2103, 0, 0, 0, 0, 29, 0, 0, -249, 0, 0, 0, -220, 61
2, 147434, 62754, 63879, -81521, -71647, 1125, 3228, 0, 0, 0, 0, 34, 0, 0, -245, 0, 0, 0, -211, 53
2, 147444, 61963, 63157, -81218, -70491, 1194, 4422, 0, 0, 0, 0, 36, 0, 0, -241, 0, 0, 0, -205, 51
2, 147455, 61172, 62446, -80953, -69336, 1274, 5696, 0, 0, 0, 0, 38, 0, 0, -237, 0, 0, 0, -199, 51
2, 147464, 60468, 61747, -79634, -68180, 1279, 6975, 0, 0, 0, 0, 39, 0, 0, -234, 0, 0, 0, -195, 51
2, 147474, 59765, 61060, -78467, -67024, 1295, 8270, 0, 0, 0, 0, 39, 1, 0, -230, 0, 0, 0, -190, 44
2, 147484, 58974, 60384, -78546, -65869, 1410, 9680, 0, 0, 0, 0, 43, 1, 0, -226, 0, 0, 0, -182, 42
2, 147494, 58359, 59719, -76415, -64713, 1360, 11040, 0, 0, 0, 0, 41, 1, 0, -222, 0, 0, 0, -180, 34
2, 147506, 57656, 59066, -75651, -63558, 1410, 12450, 0, 0, 0, 0, 43, 1, 0, -218, 0, 0, 0, -174, 42
2, 147514, 57041, 58425, -73882, -62402, 1384, 13834, 0, 0, 0, 0, 42, 1, 0, -214, 0, 0, 0, -171, 34
2, 147525, 56426, 57795, -72334, -61246, 1369, 15203, 0, 0, 0, 0, 41, 1, 0, -210, 0, 0, 0, -168, 36
2, 147535, 55722, 57177, -72092, -60091, 1455, 16658, 0, 0, 0, 0, 44, 2, 0, -206, 0, 0, 0, -160, 34
2, 147545, 55195, 56570, -69668, -58935, 1375, 18033, 0, 0, 0, 0, 41, 2, 0, -202, 0, 0, 0, -159, 34
2, 147555, 54580, 55975, -68647, -57780, 1395, 19428, 0, 0, 0, 0, 42, 2, 0, -198, 0, 0, 0, -154, 34
2, 147565, 53965, 55391, -67753, -56624, 1426, 20854, 0, 0, 0, 0, 43, 2, 0, -194, 0, 0, 0, -149, 44
2, 147575, 53437, 54819, -65884, -55468, 1382, 22236, 0, 0, 0, 0, 42, 2, 0, -190, 0, 0, 0, -146, 34
2, 147584, 52910, 54259, -64236, -54313, 1349, 23585, 0, 0, 0, 0, 41, 2, 0, -186, 0, 0, 0, -143, 21
2, 147594, 52295, 53710, -63894, -53157, 1415, 25000, 0, 0, 0, 0, 43, 3, 0, -182, 0, 0, 0, -136, 34
2, 147605, 51767, 53173, -62507, -52002, 1406, 26406, 0, 0, 0, 0, 42, 3, 0, -178, 0, 0, 0, -133, 30
2, 147614, 51328, 52647, -60181, -50846, 1319, 27725, 0, 0, 0, 0, 40, 3, 0, -174, 0, 0, 0, -131, 26
2, 147625, 50801, 52133, -59246, -49690, 1332, 29057, 0, 0, 0, 0, 40, 3, 0, -170, 0, 0, 0, -127, 28
2, 147634, 50273, 51630, -58440, -48535, 1357, 30414, 0, 0, 0, 0, 41, 3, 0, -166, 0, 0, 0, -122, 26
2, 147644, 49922, 51139, -55522, -47379, 1217, 31631, 0, 0, 0, 0, 37, 3, 0, -162, 0, 0, 0, -122, 5
2, 147655, 49394, 50659, -55182, -46224, 1265, 32896, 0, 0, 0, 0, 38, 4, 0, -158, 0, 0, 0, -116, 13
2, 147664, 48955, 50191, -53772, -45068, 1236, 34132, 0, 0, 0, 0, 37, 4, 0, -155, 0, 0, 0, -114, 19
2, 147674, 48603, 49735, -51450, -43912, 1132, 35264, 0, 0, 0, 0, 34, 4, 0, -151, 0, 0, 0, -113, 21
2, 147685, 48164, 49290, -50506, -42757, 1126, 36390, 0, 0, 0, 0, 34, 4, 0, -147, 0, 0, 0, -109, 26
2, 147695, 47812, 48856, -48593, -41601, 1044, 37434, 0, 0, 0, 0, 31, 4, 0, -143, 0, 0, 0, -108, 24
2, 147705, 47461, 48435, -46906, -40446, 974, 38408, 0, 0, 0, 0, 29, 4, 0, -139, 0, 0, 0, -106, 26
2, 147714, 47109, 48024, -45443, -39290, 915, 39323, 0, 0, 0, 0, 27, 4, 0, -135, 0, 0, 0, -104, 13
2, 147724, 46758, 47626, -44150, -38134, 868, 40191, 0, 0, 0, 0, 26, 4, 0, -131, 0, 0, 0, -101, 26
2, 147734, 46406, 47239, -43031, -36979, 833, 41024, 0, 0, 0, 0, 25, 5, 0, -127, 0, 0, 0, -97, 30
2, 147745, 46142, 46863, -40952, -35823, 721, 41745, 0, 0, 0, 0, 22, 5, 0, -123, 0, 0, 0, -96, 19
2, 147755, 45879, 46499, -39120, -34668, 620, 42365, 0, 0, 0, 0, 18, 5, 0, -119, 0, 0, 0, -96, 17
2, 147764, 45615, 46147, -37530, -33512, 532, 42897, 0, 0, 0, 0, 16, 5, 0, -115, 0, 0, 0, -94, 36
2, 147775, 45351, 45806, -36139, -32356, 455, 43352, 0, 0, 0, 0, 13, 5, 0, -111, 0, 0, 0, -93, 42
2, 147785, 45176, 45476, -33809, -31201, 300, 43652, 0, 0, 0, 0, 9, 5, 0, -107, 0, 0, 0, -93, 34
2, 147794, 45088, 45158, -30683, -30045, 70, 43722, 0, 0, 0, 0, 2, 5, 0, -103, 0, 0, 0, -96, 23
2, 147806, 45000, 44852, -27947, -28890, -148, 43574, 0, 0, 0, 0, -5, 5, 0, -99, 0, 0, 0, -99, 26
2, 147815, 44824, 44558, -26654, -27734, -266, 43308, 0, 0, 0, 0, -9, 5, 0, -95, 0, 0, 0, -99, 30
2, 147826, 44824, 44274, -23322, -26578, -550, 42758, 0, 0, 0, 0, -17, 5, 0, -91, 0, 0, 0, -103, 36
2, 147834, 44736, 44003, -21506, -25423, -733, 42025, 0, 0, 0, 0, -23, 5, 0, -87, 0, 0, 0, -105, 36
2, 147844, 44736, 43743, -18818, -24267, -993, 41032, 0, 0, 0, 0, -31, 5, 0, -83, 0, 0, 0, -109, 42
2, 147855, 44736, 43494, -16466, -23112, -1242, 39790, 0, 0, 0, 0, -38, 4, 0, -79, 0, 0, 0, -113, 44
2, 147864, 44736, 43258, -14407, -21956, -1478, 38312, 0, 0, 0, 0, -46, 4, 0, -76, 0, 0, 0, -118, 44
2, 147874, 44736, 43032, -12606, -20800, -1704, 36608, 0, 0, 0, 0, -53, 4, 0, -72, 0, 0, 0, -121, 42
2, 147884, 44736, 42818, -11030, -19645, -1918, 34690, 0, 0, 0, 0, -59, 4, 0, -68, 0, 0, 0, -123, 42
2, 147894, 44736, 42616, -9651, -18489, -2120, 32570, 0, 0, 0, 0, -65, 3, 0, -64, 0, 0, 0, -126, 42
2, 147905, 44648, 42425, -9545, -17334, -2223, 30347, 0, 0, 0, 0, -68, 3, 0, -60, 0, 0, 0, -125, 49
2, 147914, 44648, 42246, -8352, -16178, -2402, 27945, 0, 0, 0, 0, -74, 3, 0, -56, 0, 0, 0, -127, 53
2, 147925, 44648, 42079, -7308, -15022, -2569, 25376, 0, 0, 0, 0, -79, 3, 0, -52, 0, 0, 0, -128, 49
2, 147934, 44648, 41923, -6394, -13867, -2725, 22651, 0, 0, 0, 0, -84, 2, 0, -48, 0, 0, 0, -130, 57
2, 147944, 44648, 41778, -5595, -12711, -2870, 19781, 0, 0, 0, 0, -88, 2, 0, -44, 0, 0, 0, -130, 49
2, 147955, 44648, 41645, -4895, -11556, -3003, 16778, 0, 0, 0, 0, -92, 2, 0, -40, 0, 0, 0, -130, 61
2, 147964, 44648, 41524, -4283, -10400, -3124, 13654, 0, 0, 0, 0, -96, 1, 0, -36, 0, 0, 0, -131, 61
2, 147975, 44648, 41414, -3748, -9244, -3234, 10420, 0, 0, 0, 0, -99, 1, 0, -32, 0, 0, 0, -130, 61
2, 147984, 44648, 41316, -3279, -8089, -3332, 7088, 0, 0, 0, 0, -102, 0, 0, -28, 0, 0, 0, -130, 57
2, 147994, 44648, 41229, -2869, -6933, -3419, 3669, 0, 0, 0, 0, -105, 0, 0, -24, 0, 0, 0, -129, 61
2, 148005, 44648, 41154, -2510, -5778, -3494, 175, 0, 0, 0, 0, -107, 0, 0, -20, 0, 0, 0, -127, 61
2, 148014, 44648, 41091, -2196, -4622, -3557, -3382, 0, 0, 0, 0, -109, -1, 0, -16, 0, 0, 0, -126, 42
2, 148025, 44648, 41039, -1922, -3466, -3609, -6991, 0, 0, 0, 0, -111, -1, 0, -12, 0, 0, 0, -124, 49
2, 148037, 44648, 40998, -1681, -2311, -3650, -10641, 0, 0, 0, 0, -112, -2, 0, -8, 0, 0, 0, -122, 53
2, 148044, 44648, 40969, -1471, -1155, -3679, -14320, 0, 0, 0, 0, -113, -2, 0, -4, 0, 0, 0, -119, 57
2, 148059, 44648, 40952, -1287, 0, -3696, -18016, 0, 0, 0, 0, -113, -3, 0, 0, 0, 0, 0, -116, 49
2, 148067, 0, 0, -1287, 0, 0, 0, 0, 0, 0, 0, -113, -3, 0, 0, 0, 0, 0, 0, 49
2, 148075, 0, 0, -1287, 0, 0, 0, 0, 0, 0, 0, -113, -3, 0, 0, 0, 0, 0, 0, 36
2, 148085, 0, 0, -1287, 0, 0, 0, 0, 0, 0, 0, -113, -3, 0, 0, 0, 0, 0, 0, 19
2, 148095, 0, 0, -1287, 0, 0, 0, 0, 0, 0, 0, -113, -3, 0, 0, 0, 0, 0, 0, 13
2, 149128, 0, 0, -1287, 0, 0, 0, 0, 0, 0, 0, -113, -3, 0, 0, 0, 0, 0, 0, 13
2, 149134, 0, 0, -1287, 0, 0, 0, 0, 0, 0, 0, -113, -3, 0, 0, 0, 0, 0, 0, 11
2, 149146, 0, 0, -1287, 0, 0, 0, 0, 0, 0, 0, -113, -3, 0, 0, 0, 0, 0, 0, 13
2, 149154, 0, 0, -1287, 0, 0, 0, 0, 0, 0, 0, -113, -3, 0, 0, 0, 0, 0, 0, 34
2, 149164, 0, 0, -1287, 0, 0, 0, 0, 0, 0, 0, -113, -3, 0, 0, 0, 0, 0, 0, 19
2, 149174, 0, 0, -1287, 0, 0, 0, 0, 0, 0, 0, -113, -3, 0, 0, 0, 0, 0, 0, 13
2, 149184, 0, 0, -1287, 0, 0, 0, 0, 0, 0, 0, -113, -3, 0, 0, 0, 0, 0, 0, 11
2, 149194, 0, 0, -1287, 0, 0, 0, 0, 0, 0, 0, -113, -3, 0, 0, 0, 0, 0, 0, 21
2, 149204, 0, 0, -1287, 0, 0, 0, 0, 0, 0, 0, -113, -3, 0, 0, 0, 0, 0, 0, 13
2, 149214, 0, 0, -1287, 0, 0, 0, 0, 0, 0, 0, -113, -3, 0, 0, 0, 0, 0, 0, 11
2, 149225, 0, 0, -1287, 0, 0, 0, 0, 0, 0, 0, -113, -3, 0, 0, 0, 0, 0, 0, 13
2, 149235, 0, 0, -1287, 0, 0, 0, 0, 0, 0, 0, -113, -3, 0, 0, 0, 0, 0, 0, 13
2, 149244, 0, 0, -1287, 0, 0, 0, 0, 0, 0, 0, -113, -3, 0, 0, 0, 0, 0, 0, 13
2, 149254, 0, 0, -1287, 0, 0, 0, 0, 0, 0, 0, -113, -3, 0, 0, 0, 0, 0, 0, 19
2, 149265, 0, 0, -1287, 0, 0, 0, 0, 0, 0, 0, -113, -3, 0, 0, 0, 0, 0, 0, 13
2, 149274, 0, 0, -1287, 0, 0, 0, 0, 0, 0, 0, -113, -3, 0, 0, 0, 0, 0, 0, 21
2, 149284, 0, 0, -1287, 0, 0, 0, 0, 0, 0, 0, -113, -3, 0, 0, 0, 0, 0, 0, 13
2, 149294, 0, 0, -1287, 0, 0, 0, 0, 0, 0, 0, -113, -3, 0, 0, 0, 0, 0, 0, 19
2, 149304, 0, 0, -1287, 0, 0, 0, 0, 0, 0, 0, -113, -3, 0, 0, 0, 0, 0, 0, 23
2, 149315, 0, 0, -1287, 0, 0, 0, 0, 0, 0, 0, -113, -3, 0, 0, 0, 0, 0, 0, 19
2, 149325, 0, 0, -1287, 0, 0, 0, 0, 0, 0, 0, -113, -3, 0, 0, 0, 0, 0, 0, 11
2, 149334, 0, 0, -1287, 0, 0, 0, 0, 0, 0, 0, -113, -3, 0, 0, 0, 0, 0, 0, 13
2, 149345, 0, 0, -1287, 0, 0, 0, 0, 0, 0, 0, -113, -3, 0, 0, 0, 0, 0, 0, 19
2, 149354, 0, 0, -1287, 0, 0, 0, 0, 0, 0, 0, -113, -3, 0, 0, 0, 0, 0, 0, 13
2, 149364, 0, 0, -1287, 0, 0, 0, 0, 0, 0, 0, -113, -3, 0, 0, 0, 0, 0, 0, 13
2, 149374, 0, 0, -1287, 0, 0, 0, 0, 0, 0, 0, -113, -3, 0, 0, 0, 0, 0, 0, 11
2, 149384, 0, 0, -1287, 0, 0, 0, 0, 0, 0, 0, -113, -3, 0, 0, 0, 0, 0, 0, 17
2, 149394, 0, 0, -1287, 0, 0, 0, 0, 0, 0, 0, -113, -3, 0, 0, 0, 0, 0, 0, 11
2, 149405, 44736, 44736, -212, 1155, 0, 0, 0, 0, 0, 0, 0, 0, 0, 2, 0, 0, 0, 2, 13
2, 149414, 44736, 44741, -186, 2311, 5, 0, 0, 0, 0, 0, 0, 0, 0, 5, 0, 0, 0, 5, 13
2, 149425, 44736, 44759, -162, 3466, 23, 0, 0, 0, 0, 0, 0, 0, 0, 7, 0, 0, 0, 7, 19
2, 149434, 44736, 44788, -142, 4622, 52, 0, 0, 0, 0, 0, 1, 0, 0, 10, 0, 0, 0, 11, 21
2, 149444, 44736, 44828, -124, 5777, 92, 0, 0, 0, 0, 0, 2, 0, 0, 13, 0, 0, 0, 15, 23
2, 149454, 44736, 44880, -108, 6933, 144, 0, 0, 0, 0, 0, 3, 0, 0, 15, 0, 0, 0, 18, 21
2, 149465, 44736, 44944, -95, 8089, 208, 0, 0, 0, 0, 0, 5, 0, 0, 18, 0, 0, 0, 23, 19
2, 149474, 44736, 45019, -83, 9244, 283, 0, 0, 0, 0, 0, 6, 0, 0, 20, 0, 0, 0, 26, 19
2, 149484, 44736, 45105, -72, 10400, 369, 0, 0, 0, 0, 0, 9, 0, 0, 23, 0, 0, 0, 32, 13
2, 149494, 44824, 45204, 1036, 11555, 380, 0, 0, 0, 0, 0, 9, 0, 0, 26, 0, 0, 0, 35, 0
2, 149505, 44824, 45313, 907, 12711, 489, 0, 0, 0, 0, 0, 11, 0, 0, 28, 0, 0, 0, 39, 19
2, 149514, 44824, 45435, 793, 13867, 611, 0, 0, 0, 0, 0, 14, 0, 0, 31, 0, 0, 0, 45, 13
2, 149525, 44824, 45568, 694, 15022, 744, 0, 0, 0, 0, 0, 18, 0, 0, 33, 0, 0, 0, 51, 13
2, 149534, 44912, 45712, 1707, 16178, 800, 0, 0, 0, 0, 0, 19, 0, 0, 36, 0, 0, 0, 55, 32
2, 149545, 44912, 45868, 1494, 17333, 956, 0, 0, 0, 0, 0, 23, 0, 0, 39, 0, 0, 0, 62, 19
2, 149554, 44912, 46036, 1307, 18489, 1124, 0, 0, 0, 0, 0, 27, 0, 0, 41, 0, 0, 0, 68, 19
2, 149566, 44912, 46215, 1144, 19645, 1303, 0, 0, 0, 0, 0, 31, 0, 0, 44, 0, 0, 0, 75, 30
2, 149575, 45000, 46405, 2101, 20800, 1405, 0, 0, 0, 0, 0, 34, 0, 0, 46, 0, 0, 0, 80, 23
2, 149585, 45263, 46608, 5126, 21956, 1345, 0, 0, 0, 0, 0, 32, 0, 0, 49, 0, 0, 0, 81, 13
2, 149594, 45527, 46821, 7785, 23111, 1294, 0, 0, 0, 0, 0, 31, 0, 0, 52, 0, 0, 0, 83, 19
2, 149604, 45791, 47047, 10112, 24267, 1256, 0, 0, 0, 0, 0, 30, 0, 0, 54, 0, 0, 0, 84, 19
2, 149614, 46054, 47284, 12135, 25423, 1230, 0, 0, 0, 0, 0, 30, 0, 0, 57, 0, 0, 0, 87, 19
2, 149625, 46318, 47532, 13918, 26578, 1214, 0, 0, 0, 0, 0, 29, 0, 0, 60, 0, 0, 0, 89, 11
2, 149635, 46670, 47792, 16579, 27734, 1122, 0, 0, 0, 0, 0, 27, 0, 0, 62, 0, 0, 0, 89, 19
2, 149644, 46933, 48064, 17794, 28889, 1131, 0, 0, 0, 0, 0, 27, 0, 0, 65, 0, 0, 0, 92, 19
2, 149655, 47285, 48347, 19970, 30045, 1062, 0, 0, 0, 0, 0, 25, 0, 0, 67, 0, 0, 0, 92, 13
2, 149667, 47636, 48641, 21861, 31201, 1005, 0, 0, 0, 0, 0, 24, 0, 0, 70, 0, 0, 0, 94, 13
2, 149675, 47900, 48948, 22428, 32356, 1048, 0, 0, 0, 0, 0, 25, 0, 0, 73, 0, 0, 0, 98, 19
2, 149685, 48252, 49265, 24025, 33512, 1013, 0, 0, 0, 0, 0, 24, 0, 0, 75, 0, 0, 0, 99, 19
2, 149694, 48779, 49595, 27609, 34667, 816, 0, 0, 0, 0, 0, 19, 0, 0, 78, 0, 0, 0, 97, 21
2, 149704, 48867, 49936, 25258, 35823, 1069, 0, 0, 0, 0, 0, 26, 0, 0, 80, 0, 0, 0, 106, 13
2, 149714, 49218, 50288, 26488, 36979, 1070, 0, 0, 0, 0, 0, 26, 0, 0, 83, 0, 0, 0, 109, 13
2, 149725, 49394, 50652, 25377, 38134, 1258, 0, 0, 0, 0, 0, 30, 0, 0, 86, 0, 0, 0, 116, 19
2, 149734, 49658, 51028, 25505, 39290, 1370, 0, 0, 0, 0, 0, 33, 0, 0, 88, 0, 0, 0, 121, 26
2, 149744, 50009, 51415, 26704, 40445, 1406, 0, 0, 0, 0, 0, 34, 0, 0, 91, 0, 0, 0, 125, 19
2, 149754, 50273, 51814, 26666, 41601, 1541, 0, 0, 0, 0, 0, 37, 0, 0, 93, 0, 0, 0, 130, 19
2, 149764, 50625, 52224, 27733, 42757, 1599, 0, 0, 0, 0, 0, 39, 0, 0, 96, 0, 0, 0, 135, 23
2, 149774, 50888, 52646, 27554, 43912, 1758, 0, 0, 0, 0, 0, 42, 0, 0, 99, 0, 0, 0, 141, 21
2, 149785, 51328, 53079, 29610, 45068, 1751, 0, 0, 0, 0, 0, 42, 0, 0, 101, 0, 0, 0, 143, 21
2, 149794, 51855, 53524, 32496, 46223, 1669, 0, 0, 0, 0, 0, 40, 0, 0, 104, 0, 0, 0, 144, 23
2, 149804, 52383, 53980, 35034, 47379, 1597, 0, 0, 0, 0, 0, 38, 0, 0, 106, 0, 0, 0, 144, 19
2, 149815, 52998, 54448, 38342, 48535, 1450, 0, 0, 0, 0, 0, 35, 0, 0, 109, 0, 0, 0, 144, 23
2, 149826, 53525, 54928, 40137, 49690, 1403, 0, 0, 0, 0, 0, 34, 0, 0, 112, 0, 0, 0, 146, 19
2, 149834, 54052, 55419, 41707, 50846, 1367, 0, 0, 0, 0, 0, 33, 0, 0, 114, 0, 0, 0, 147, 21
2, 149844, 54668, 55922, 44194, 52001, 1254, 0, 0, 0, 0, 0, 30, 0, 0, 117, 0, 0, 0, 147, 13
2, 149855, 55459, 56436, 48557, 53157, 977, 0, 0, 0, 0, 0, 23, 0, 0, 120, 0, 0, 0, 143, 19
2, 149864, 55810, 56962, 46875, 54313, 1152, 0, 0, 0, 0, 0, 28, 0, 0, 122, 0, 0, 0, 150, 26
2, 149875, 56426, 57499, 48716, 55468, 1073, 0, 0, 0, 0, 0, 26, 0, 0, 125, 0, 0, 0, 151, 19
2, 149885, 57041, 58048, 50314, 56624, 1007, 0, 0, 0, 0, 0, 24, 0, 0, 127, 0, 0, 0, 151, 26
2, 149894, 57568, 58608, 50612, 57779, 1040, 0, 0, 0, 0, 0, 25, 0, 0, 130, 0, 0, 0, 155, 26
2, 149905, 58183, 59181, 51973, 58935, 998, 0, 0, 0, 0, 0, 24, 0, 0, 133, 0, 0, 0, 157, 21
2, 149914, 58799, 59764, 53176, 60091, 965, 0, 0, 0, 0, 0, 23, 0, 0, 135, 0, 0, 0, 158, 21
2, 149924, 59414, 60359, 54217, 61246, 945, 0, 0, 0, 0, 0, 23, 0, 0, 138, 0, 0, 0, 161, 19
2, 149934, 60117, 60966, 56227, 62402, 849, 0, 0, 0, 0, 0, 20, 0, 0, 140, 0, 0, 0, 160, 26
2, 149944, 60644, 61584, 55786, 63557, 940, 0, 0, 0, 0, 0, 22, 0, 0, 143, 0, 0, 0, 165, 24
2, 149955, 61347, 62214, 57601, 64713, 867, 0, 0, 0, 0, 0, 21, 0, 0, 146, 0, 0, 0, 167, 34
2, 149964, 61963, 62855, 58101, 65869, 892, 0, 0, 0, 0, 0, 21, 0, 0, 148, 0, 0, 0, 169, 21
2, 149975, 62666, 63508, 59625, 67024, 842, 0, 0, 0, 0, 0, 20, 0, 0, 151, 0, 0, 0, 171, 26
2, 149985, 63281, 64173, 59860, 68180, 892, 0, 0, 0, 0, 0, 21, 0, 0, 153, 0, 0, 0, 174, 26
2, 149995, 63984, 64849, 61165, 69335, 865, 0, 0, 0, 0, 0, 21, 0, 0, 156, 0, 0, 0, 177, 26
2, 150005, 64775, 65536, 63407, 70491, 761, 0, 0, 0, 0, 0, 18, 0, 0, 159, 0, 0, 0, 177, 19
2, 150014, 65390, 66235, 63168, 71647, 845, 0, 0, 0, 0, 0, 20, 0, 0, 161, 0, 0, 0, 181, 26
2, 150025, 66445, 66946, 68460, 72802, 501, 0, 0, 0, 0, 0, 12, 0, 0, 164, 0, 0, 0, 176, 30
2, 150035, 67763, 67668, 76377, 73958, -95, 0, 0, 0, 0, 0, -3, 0, 0, 167, 0, 0, 0, 164, 19
2, 150044, 68554, 68402, 76718, 75113, -152, 0, 0, 0, 0, 0, -4, 0, 0, 169, 0, 0, 0, 165, 19
2, 150057, 69345, 69148, 77015, 76269, -197, 0, 0, 0, 0, 0, -5, 0, 0, 172, 0, 0, 0, 167, 21
2, 150066, 70224, 69904, 78376, 77425, -320, 0, 0, 0, 0, 0, -8, 0, 0, 174, 0, 0, 0, 166, 26
2, 150075, 70927, 70673, 77367, 78580, -254, 0, 0, 0, 0, 0, -7, 0, 0, 177, 0, 0, 0, 170, 13
2, 150084, 72070, 71453, 81983, 79736, -617, 0, 0, 0, 0, 0, -16, 0, 0, 180, 0, 0, 0, 164, 13
2, 150095, 72773, 72245, 80523, 80891, -528, 0, 0, 0, 0, 0, -13, 0, 0, 182, 0, 0, 0, 169, 13
2, 150106, 73388, 73048, 78145, 82047, -340, 0, 0, 0, 0, 0, -9, 0, 0, 185, 0, 0, 0, 176, 19
2, 150114, 74267, 73862, 79364, 83203, -405, 0, 0, 0, 0, 0, -10, 0, 0, 187, 0, 0, 0, 177, 13
2, 150124, 75146, 74689, 80431, 84358, -457, 0, 0, 0, 0, 0, -12, 0, 0, 190, 0, 0, 0, 178, 19
2, 150135, 76201, 75526, 83565, 85514, -675, 0, 0, 0, 0, 0, -17, 0, 0, 193, 0, 0, 0, 176, 13
2, 150144, 76992, 76376, 83007, 86669, -616, 0, 0, 0, 0, 0, -16, 0, 0, 195, 0, 0, 0, 179, 13
2, 150155, 77959, 77237, 84718, 87825, -722, 0, 0, 0, 0, 0, -18, 0, 0, 198, 0, 0, 0, 180, 5
2, 150164, 78926, 78109, 86216, 88981, -817, 0, 0, 0, 0, 0, -20, 0, 0, 200, 0, 0, 0, 180, 19
2, 150175, 79717, 78993, 85327, 90136, -724, 0, 0, 0, 0, 0, -18, 0, 0, 203, 0, 0, 0, 185, 19
2, 150184, 80683, 79889, 86736, 91292, -794, 0, 0, 0, 0, 0, -20, 0, 0, 206, 0, 0, 0, 186, 19
2, 150194, 81474, 80796, 85781, 92447, -678, 0, 0, 0, 0, 0, -17, 0, 0, 208, 0, 0, 0, 191, 13
2, 150205, 82353, 81715, 86046, 93603, -638, 0, 0, 0, 0, 0, -16, 0, 0, 211, 0, 0, 0, 195, 19
2, 150216, 83144, 82645, 85178, 94759, -499, 0, 0, 0, 0, 0, -13, 0, 0, 213, 0, 0, 0, 200, 21
2, 150225, 83935, 83587, 84418, 95914, -348, 0, 0, 0, 0, 0, -9, 0, 0, 216, 0, 0, 0, 207, 13
2, 150234, 84902, 84540, 85953, 97070, -362, 0, 0, 0, 0, 0, -9, 0, 0, 219, 0, 0, 0, 210, 26
2, 150244, 85781, 85505, 86197, 98225, -276, 0, 0, 0, 0, 0, -7, 0, 0, 221, 0, 0, 0, 214, 26
2, 150255, 86572, 86482, 85310, 99381, -90, 0, 0, 0, 0, 0, -3, 0, 0, 224, 0, 0, 0, 221, 23
2, 150265, 87363, 87470, 84533, 100537, 107, 0, 0, 0, 0, 0, 2, 0, 0, 227, 0, 0, 0, 229, 26
2, 150274, 88242, 88469, 84954, 101692, 227, 0, 0, 0, 0, 0, 5, 0, 0, 229, 0, 0, 0, 234, 34
2, 150284, 89297, 89480, 87523, 102848, 183, 0, 0, 0, 0, 0, 4, 0, 0, 232, 0, 0, 0, 236, 13
2, 150295, 90263, 90503, 88657, 104003, 240, 0, 0, 0, 0, 0, 5, 0, 0, 234, 0, 0, 0, 239, 13
2, 150308, 91142, 91537, 88563, 105159, 395, 0, 0, 0, 0, 0, 9, 0, 0, 237, 0, 0, 0, 246, 13
2, 150316, 92285, 92583, 91780, 106315, 298, 0, 0, 0, 0, 0, 7, 0, 0, 240, 0, 0, 0, 247, 11
2, 150326, 93515, 93641, 95682, 107470, 126, 0, 0, 0, 0, 0, 3, 0, 0, 242, 0, 0, 0, 245, 34
2, 150336, 95361, 94709, 106797, 108626, -652, 0, 0, 0, 0, 0, -16, 0, 0, 245, 0, 0, 0, 229, 19
2, 150344, 96064, 95790, 102235, 109781, -274, 0, 0, 0, 0, 0, -7, 0, 0, 247, 0, 0, 0, 240, 23
2, 150355, 97383, 96882, 105943, 110937, -501, 0, 0, 0, 0, 0, -13, 0, 0, 250, 0, 0, 0, 237, 13
2, 150364, 98437, 97986, 105875, 112093, -451, 0, 0, 0, 0, 0, -12, 0, 0, 253, 0, 0, 0, 241, 21
2, 150375, 99492, 99101, 105828, 113248, -391, 0, 0, 0, 0, 0, -10, 0, 0, 255, 0, 0, 0, 245, 13
2, 150384, 100722, 100227, 107975, 114404, -495, 0, 0, 0, 0, 0, -13, 0, 0, 258, 0, 0, 0, 245, 19
2, 150394, 101777, 101366, 107665, 115559, -411, 0, 0, 0, 0, 0, -11, 0, 0, 260, 0, 0, 0, 249, 19
2, 150405, 103095, 102516, 110682, 116715, -579, 0, 0, 0, 0, 0, -15, 0, 0, 263, 0, 0, 0, 248, 13
2, 150414, 104326, 103677, 112234, 117871, -649, 0, 0, 0, 0, 0, -16, 0, 0, 266, 0, 0, 0, 250, 19
2, 150425, 105556, 104850, 113580, 119026, -706, 0, 0, 0, 0, 0, -18, 0, 0, 268, 0, 0, 0, 250, 13
2, 150436, 106963, 106034, 116970, 120182, -929, 0, 0, 0, 0, 0, -23, 0, 0, 271, 0, 0, 0, 248, 13
2, 150444, 108193, 107230, 117724, 121337, -963, 0, 0, 0, 0, 0, -24, 0, 0, 274, 0, 0, 0, 250, 19
2, 150456, 109424, 108438, 118396, 122493, -986, 0, 0, 0, 0, 0, -25, 0, 0, 276, 0, 0, 0, 251, 13
2, 150465, 110742, 109657, 120071, 123649, -1085, 0, 0, 0, 0, 0, -27, 0, 0, 279, 0, 0, 0, 252, 13
2, 150475, 111709, 110888, 117150, 124804, -821, 0, 0, 0, 0, 0, -21, 0, 0, 281, 0, 0, 0, 260, 13
2, 150484, 113379, 112130, 123381, 125960, -1249, 0, 0, 0, 0, 0, -31, 0, 0, 284, 0, 0, 0, 253, 19
2, 150495, 114170, 113384, 117846, 127115, -786, 0, 0, 0, 0, 0, -20, 0, 0, 287, 0, 0, 0, 267, 19
2, 150506, 115400, 114649, 118490, 128271, -751, 0, 0, 0, 0, 0, -19, 0, 0, 289, 0, 0, 0, 270, 11
2, 150514, 116631, 115926, 119067, 129427, -705, 0, 0, 0, 0, 0, -18, 0, 0, 292, 0, 0, 0, 274, 13
2, 150525, 117949, 117215, 120658, 130582, -734, 0, 0, 0, 0, 0, -18, 0, 0, 294, 0, 0, 0, 276, 23
2, 150534, 119619, 118515, 126451, 131738, -1104, 0, 0, 0, 0, 0, -27, 0, 0, 297, 0, 0, 0, 270, 19
2, 150545, 120498, 119826, 121632, 132893, -672, 0, 0, 0, 0, 0, -17, 0, 0, 300, 0, 0, 0, 283, 13
2, 150555, 121816, 121150, 122903, 134049, -666, 0, 0, 0, 0, 0, -17, 0, 0, 302, 0, 0, 0, 285, 13
2, 150565, 123134, 122484, 124015, 135205, -650, 0, 0, 0, 0, 0, -16, 0, 0, 305, 0, 0, 0, 289, 13
2, 150575, 124541, 123831, 126101, 136360, -710, 0, 0, 0, 0, 0, -18, 0, 0, 307, 0, 0, 0, 289, 13
2, 150584, 125947, 125188, 127913, 137516, -759, 0, 0, 0, 0, 0, -19, 0, 0, 310, 0, 0, 0, 291, 23
2, 150594, 127617, 126558, 132799, 138671, -1059, 0, 0, 0, 0, 0, -26, 0, 0, 313, 0, 0, 0, 287, 13
2, 150605, 129111, 127939, 134874, 139827, -1172, 0, 0, 0, 0, 0, -29, 0, 0, 315, 0, 0, 0, 286, 19
2, 150614, 130429, 129331, 134490, 140983, -1098, 0, 0, 0, 0, 0, -27, 0, 0, 318, 0, 0, 0, 291, 19
2, 150624, 131836, 130735, 135266, 142138, -1101, 0, 0, 0, 0, 0, -27, 0, 0, 320, 0, 0, 0, 293, 17
2, 150634, 133330, 132151, 137033, 143294, -1179, 0, 0, 0, 0, 0, -29, 0, 0, 323, 0, 0, 0, 294, 23
2, 150644, 134560, 133578, 135279, 144449, -982, 0, 0, 0, 0, 0, -24, 0, 0, 326, 0, 0, 0, 302, 19
2, 150655, 136054, 135017, 137044, 145605, -1037, 0, 0, 0, 0, 0, -26, 0, 0, 328, 0, 0, 0, 302, 19
2, 150665, 137373, 136467, 136401, 146761, -906, 0, 0, 0, 0, 0, -23, 0, 0, 331, 0, 0, 0, 308, 13
2, 150675, 138955, 137929, 139126, 147916, -1026, 0, 0, 0, 0, 0, -26, 0, 0, 334, 0, 0, 0, 308, 13
2, 150685, 140625, 139402, 142610, 149072, -1223, 0, 0, 0, 0, 0, -30, 0, 0, 336, 0, 0, 0, 306, 23
2, 150695, 141943, 140887, 141259, 150227, -1056, 0, 0, 0, 0, 0, -26, 0, 0, 339, 0, 0, 0, 313, 13
2, 150705, 143437, 142384, 142277, 151383, -1053, 0, 0, 0, 0, 0, -26, 0, 0, 341, 0, 0, 0, 315, 13
2, 150714, 145019, 143892, 144267, 152539, -1127, 0, 0, 0, 0, 0, -28, 0, 0, 344, 0, 0, 0, 316, 13
2, 150725, 146513, 145411, 144909, 153694, -1102, 0, 0, 0, 0, 0, -27, 0, 0, 347, 0, 0, 0, 320, 13
2, 150734, 148183, 146943, 147670, 154850, -1240, 0, 0, 0, 0, 0, -31, 0, 0, 349, 0, 0, 0, 318, 19
2, 150744, 149677, 148485, 147886, 156005, -1192, 0, 0, 0, 0, 0, -30, 0, 0, 352, 0, 0, 0, 322, 19
2, 150755, 151523, 150040, 152476, 157161, -1483, 0, 0, 0, 0, 0, -37, 0, 0, 354, 0, 0, 0, 317, 23
2, 150764, 153017, 151605, 152091, 158317, -1412, 0, 0, 0, 0, 0, -35, 0, 0, 357, 0, 0, 0, 322, 13
2, 150775, 154599, 153183, 152855, 159472, -1416, 0, 0, 0, 0, 0, -35, 0, 0, 360, 0, 0, 0, 325, 13
2, 150785, 156181, 154772, 153523, 160628, -1409, 0, 0, 0, 0, 0, -35, 0, 0, 362, 0, 0, 0, 327, 13
2, 150794, 157676, 156372, 153020, 161783, -1304, 0, 0, 0, 0, 0, -32, 0, 0, 365, 0, 0, 0, 333, 28
2, 150805, 159521, 157984, 156955, 162939, -1537, 0, 0, 0, 0, 0, -38, 0, 0, 367, 0, 0, 0, 329, 15
2, 150816, 161191, 159608, 158211, 164095, -1583, 0, 0, 0, 0, 0, -39, 0, 0, 370, 0, 0, 0, 331, 13
2, 150825, 162685, 161243, 157109, 165250, -1442, 0, 0, 0, 0, 0, -36, 0, 0, 373, 0, 0, 0, 337, 13
2, 150834, 164443, 162890, 159446, 166406, -1553, 0, 0, 0, 0, 0, -38, 0, 0, 375, 0, 0, 0, 337, 19
2, 150845, 165937, 164548, 158190, 167561, -1389, 0, 0, 0, 0, 0, -34, 0, 0, 378, 0, 0, 0, 344, 11
2, 150855, 167431, 166218, 157091, 168717, -1213, 0, 0, 0, 0, 0, -30, 0, 0, 381, 0, 0, 0, 351, 19
2, 150865, 168926, 167899, 156142, 169873, -1027, 0, 0, 0, 0, 0, -26, 0, 0, 383, 0, 0, 0, 357, 19
2, 150875, 170771, 169592, 159687, 171028, -1179, 0, 0, 0, 0, 0, -29, 0, 0, 386, 0, 0, 0, 357, 13
2, 150884, 172793, 171297, 165001, 172184, -1496, 0, 0, 0, 0, 0, -37, 0, 0, 388, 0, 0, 0, 351, 13
2, 150894, 174463, 173013, 165251, 173339, -1450, 0, 0, 0, 0, 0, -36, 0, 0, 391, 0, 0, 0, 355, 19
2, 150905, 176220, 174741, 166557, 173340, -1479, 0, 0, 0, 0, 0, -37, 0, 0, 391, 0, 0, 0, 354, 26
2, 150914, 177890, 176474, 166613, 173340, -1416, 0, 0, 0, 0, 0, -35, 0, 0, 391, 0, 0, 0, 356, 21
2, 150924, 179648, 178207, 167761, 173340, -1441, 0, 0, 0, 0, 0, -36, 0, 0, 391, 0, 0, 0, 355, 19
2, 150934, 181670, 179941, 172066, 173340, -1729, 0, 0, 0, 0, 0, -43, 0, 0, 391, 0, 0, 0, 348, 13
2, 150944, 183252, 181674, 170333, 173340, -1578, 0, 0, 0, 0, 0, -39, 0, 0, 391, 0, 0, 0, 352, 13
2, 150955, 185097, 183408, 172104, 173340, -1689, 0, 0, 0, 0, 0, -42, 0, 0, 391, 0, 0, 0, 349, 17
2, 150964, 186767, 185141, 171466, 173340, -1626, 0, 0, 0, 0, 0, -40, 0, 0, 391, 0, 0, 0, 351, 13
2, 150975, 188349, 186874, 169807, 173340, -1475, 0, 0, 0, 0, 0, -37, 0, 0, 391, 0, 0, 0, 354, 19
2, 150984, 190195, 188608, 171656, 172184, -1587, 0, 0, 0, 0, 0, -39, 0, 0, 388, 0, 0, 0, 349, 13
2, 150994, 191777, 190335, 169974, 171028, -1442, 0, 0, 0, 0, 0, -36, 0, 0, 386, 0, 0, 0, 350, 30
2, 151006, 193886, 192051, 175090, 169873, -1835, 0, 0, 0, 0, 0, -45, 0, 0, 383, 0, 0, 0, 338, 19
2, 151014, 195556, 193756, 174079, 168717, -1800, 0, 0, 0, 0, 0, -44, 0, 0, 381, 0, 0, 0, 337, 19
2, 151025, 197314, 195449, 174294, 167562, -1865, 0, 0, 0, 0, 0, -46, 0, 0, 378, 0, 0, 0, 332, 26
2, 151035, 199336, 197130, 177782, 166406, -2206, 0, 0, 0, 0, 0, -54, 0, 0, 375, 0, 0, 0, 321, 13
2, 151044, 200918, 198800, 175334, 165250, -2118, 0, 0, 0, 0, 0, -52, 0, 0, 373, 0, 0, 0, 321, 13
2, 151059, 202676, 200458, 175393, 164095, -2218, 0, 0, 0, 0, 0, -55, 0, 0, 370, 0, 0, 0, 315, 19
2, 151066, 204433, 202105, 175431, 162939, -2328, 0, 0, 0, 0, 0, -57, 0, 0, 367, 0, 0, 0, 310, 26
2, 151075, 206015, 203740, 173277, 161784, -2275, 0, 0, 0, 0, 0, -56, 0, 0, 365, 0, 0, 0, 309, 13
2, 151084, 208301, 205364, 180193, 160628, -2937, 0, 0, 0, 0, 0, -72, 0, 0, 362, 0, 0, 0, 290, 13
2, 151094, 209443, 206976, 171944, 159472, -2467, 0, 0, 0, 0, 0, -61, 0, 0, 360, 0, 0, 0, 299, 13
2, 151105, 210849, 208577, 168026, 158317, -2272, 0, 0, 0, 0, 0, -56, 0, 0, 357, 0, 0, 0, 301, 26
2, 151114, 212168, 210165, 163510, 157161, -2003, 0, 0, 0, 0, 0, -49, 0, 0, 354, 0, 0, 0, 305, 13
2, 151125, 213838, 211743, 163946, 156006, -2095, 0, 0, 0, 0, 0, -52, 0, 0, 352, 0, 0, 0, 300, 15
2, 151134, 215595, 213309, 165415, 154850, -2286, 0, 0, 0, 0, 0, -56, 0, 0, 349, 0, 0, 0, 293, 11
2, 151144, 217002, 214863, 162326, 153694, -2139, 0, 0, 0, 0, 0, -53, 0, 0, 347, 0, 0, 0, 294, 13
2, 151155, 218584, 216406, 161810, 152539, -2178, 0, 0, 0, 0, 0, -54, 0, 0, 344, 0, 0, 0, 290, 19
2, 151164, 219990, 217937, 159159, 151383, -2053, 0, 0, 0, 0, 0, -51, 0, 0, 341, 0, 0, 0, 290, 13
2, 151175, 221484, 219456, 157939, 150228, -2028, 0, 0, 0, 0, 0, -50, 0, 0, 339, 0, 0, 0, 289, 13
2, 151184, 222978, 220965, 156872, 149072, -2013, 0, 0, 0, 0, 0, -50, 0, 0, 336, 0, 0, 0, 286, 19
2, 151194, 224560, 222461, 157038, 147916, -2099, 0, 0, 0, 0, 0, -52, 0, 0, 334, 0, 0, 0, 282, 13
2, 151205, 226230, 223946, 158283, 146761, -2284, 0, 0, 0, 0, 0, -56, 0, 0, 331, 0, 0, 0, 275, 13
2, 151214, 227636, 225419, 156073, 145605, -2217, 0, 0, 0, 0, 0, -55, 0, 0, 328, 0, 0, 0, 273, 13
2, 151225, 229043, 226881, 154151, 144450, -2162, 0, 0, 0, 0, 0, -53, 0, 0, 326, 0, 0, 0, 273, 13
2, 151235, 230449, 228331, 152457, 143294, -2118, 0, 0, 0, 0, 0, -52, 0, 0, 323, 0, 0, 0, 271, 13
2, 151244, 231767, 229770, 149875, 142138, -1997, 0, 0, 0, 0, 0, -49, 0, 0, 320, 0, 0, 0, 271, 13
2, 151256, 233174, 231197, 148728, 140983, -1977, 0, 0, 0, 0, 0, -49, 0, 0, 318, 0, 0, 0, 269, 19
2, 151266, 234580, 232613, 147712, 139827, -1967, 0, 0, 0, 0, 0, -49, 0, 0, 315, 0, 0, 0, 266, 23
2, 151275, 235898, 234017, 145723, 138672, -1881, 0, 0, 0, 0, 0, -46, 0, 0, 313, 0, 0, 0, 267, 11
2, 151284, 238008, 235410, 153883, 137516, -2598, 0, 0, 0, 0, 0, -64, 0, 0, 310, 0, 0, 0, 246, 13
2, 151294, 238974, 236790, 146722, 136360, -2184, 0, 0, 0, 0, 0, -54, 0, 0, 307, 0, 0, 0, 253, 13
2, 151311, 240205, 238160, 143770, 135205, -2045, 0, 0, 0, 0, 0, -50, 0, 0, 305, 0, 0, 0, 255, 19
2, 151316, 241435, 239518, 141173, 134049, -1917, 0, 0, 0, 0, 0, -47, 0, 0, 302, 0, 0, 0, 255, 11
2, 151325, 242754, 240864, 140014, 132894, -1890, 0, 0, 0, 0, 0, -47, 0, 0, 300, 0, 0, 0, 253, 13
2, 151334, 244863, 242199, 148875, 131738, -2664, 0, 0, 0, 0, 0, -66, 0, 0, 297, 0, 0, 0, 231, 34
2, 151345, 245566, 243522, 139053, 130582, -2044, 0, 0, 0, 0, 0, -50, 0, 0, 294, 0, 0, 0, 244, 13
2, 151355, 246884, 244833, 138146, 129427, -2051, 0, 0, 0, 0, 0, -51, 0, 0, 292, 0, 0, 0, 241, 19
2, 151364, 248291, 246134, 138466, 128271, -2157, 0, 0, 0, 0, 0, -53, 0, 0, 289, 0, 0, 0, 236, 13
2, 151375, 249609, 247422, 137632, 127116, -2187, 0, 0, 0, 0, 0, -54, 0, 0, 287, 0, 0, 0, 233, 13
2, 151384, 250840, 248699, 135816, 125960, -2141, 0, 0, 0, 0, 0, -53, 0, 0, 284, 0, 0, 0, 231, 23
2, 151394, 251894, 249964, 132014, 124804, -1930, 0, 0, 0, 0, 0, -48, 0, 0, 281, 0, 0, 0, 233, 11
2, 151405, 253125, 251218, 130900, 123649, -1907, 0, 0, 0, 0, 0, -47, 0, 0, 279, 0, 0, 0, 232, 11
2, 151415, 254179, 252460, 127712, 122493, -1719, 0, 0, 0, 0, 0, -42, 0, 0, 276, 0, 0, 0, 234, 13
2, 151425, 255322, 253691, 126036, 121338, -1631, 0, 0, 0, 0, 0, -40, 0, 0, 274, 0, 0, 0, 234, 11
2, 151434, 256640, 254910, 126756, 120182, -1730, 0, 0, 0, 0, 0, -43, 0, 0, 271, 0, 0, 0, 228, 15
2, 151444, 257871, 256118, 126299, 119026, -1753, 0, 0, 0, 0, 0, -43, 0, 0, 268, 0, 0, 0, 225, 24
2, 151455, 259101, 257314, 125887, 117871, -1787, 0, 0, 0, 0, 0, -44, 0, 0, 266, 0, 0, 0, 222, 19
2, 151464, 260244, 258498, 124438, 116715, -1746, 0, 0, 0, 0, 0, -43, 0, 0, 263, 0, 0, 0, 220, 19
2, 151475, 261386, 259671, 123159, 115560, -1715, 0, 0, 0, 0, 0, -42, 0, 0, 260, 0, 0, 0, 218, 19
2, 151484, 262617, 260833, 123151, 114404, -1784, 0, 0, 0, 0, 0, -44, 0, 0, 258, 0, 0, 0, 214, 19
2, 151494, 263584, 261983, 119845, 113248, -1601, 0, 0, 0, 0, 0, -40, 0, 0, 255, 0, 0, 0, 215, 13
2, 151506, 264726, 263121, 119139, 112093, -1605, 0, 0, 0, 0, 0, -40, 0, 0, 253, 0, 0, 0, 213, 13
2, 151514, 265781, 264248, 117434, 110937, -1533, 0, 0, 0, 0, 0, -38, 0, 0, 250, 0, 0, 0, 212, 13
2, 151526, 267011, 265363, 118130, 109782, -1648, 0, 0, 0, 0, 0, -41, 0, 0, 247, 0, 0, 0, 206, 13
2, 151535, 268330, 266466, 119851, 108626, -1864, 0, 0, 0, 0, 0, -46, 0, 0, 245, 0, 0, 0, 199, 13
2, 151545, 269297, 267558, 116957, 107470, -1739, 0, 0, 0, 0, 0, -43, 0, 0, 242, 0, 0, 0, 199, 11
2, 151555, 270703, 268639, 119913, 106315, -2064, 0, 0, 0, 0, 0, -51, 0, 0, 240, 0, 0, 0, 189, 19
2, 151565, 271670, 269708, 117011, 105159, -1962, 0, 0, 0, 0, 0, -48, 0, 0, 237, 0, 0, 0, 189, 13
2, 151575, 272812, 270765, 116660, 104004, -2047, 0, 0, 0, 0, 0, -50, 0, 0, 234, 0, 0, 0, 184, 19
2, 151584, 273867, 271811, 115265, 102848, -2056, 0, 0, 0, 0, 0, -51, 0, 0, 232, 0, 0, 0, 181, 11
2, 151594, 274746, 272845, 111844, 101692, -1901, 0, 0, 0, 0, 0, -47, 0, 0, 229, 0, 0, 0, 182, 19
2, 151605, 275713, 273868, 109951, 100537, -1845, 0, 0, 0, 0, 0, -46, 0, 0, 227, 0, 0, 0, 181, 13
2, 151615, 276592, 274879, 107195, 99381, -1713, 0, 0, 0, 0, 0, -42, 0, 0, 224, 0, 0, 0, 182, 34
2, 151625, 277470, 275879, 104770, 98226, -1591, 0, 0, 0, 0, 0, -39, 0, 0, 221, 0, 0, 0, 182, 19
2, 151634, 278525, 276867, 104862, 97070, -1658, 0, 0, 0, 0, 0, -41, 0, 0, 219, 0, 0, 0, 178, 19
2, 151644, 279580, 277843, 104941, 95914, -1737, 0, 0, 0, 0, 0, -43, 0, 0, 216, 0, 0, 0, 173, 13
2, 151655, 280547, 278808, 103911, 94759, -1739, 0, 0, 0, 0, 0, -43, 0, 0, 213, 0, 0, 0, 170, 19
2, 151664, 281513, 279762, 102997, 93603, -1751, 0, 0, 0, 0, 0, -43, 0, 0, 211, 0, 0, 0, 168, 23
2, 151674, 282392, 280703, 101110, 92448, -1689, 0, 0, 0, 0, 0, -42, 0, 0, 208, 0, 0, 0, 166, 13
2, 151685, 283359, 281634, 100559, 91292, -1725, 0, 0, 0, 0, 0, -43, 0, 0, 206, 0, 0, 0, 163, 13
2, 151695, 284062, 282552, 96777, 90136, -1510, 0, 0, 0, 0, 0, -37, 0, 0, 203, 0, 0, 0, 166, 11
2, 151705, 284941, 283459, 95667, 88981, -1482, 0, 0, 0, 0, 0, -37, 0, 0, 200, 0, 0, 0, 163, 19
2, 151714, 285820, 284355, 94696, 87825, -1465, 0, 0, 0, 0, 0, -36, 0, 0, 198, 0, 0, 0, 162, 19
2, 151724, 286611, 285239, 92747, 86670, -1372, 0, 0, 0, 0, 0, -34, 0, 0, 195, 0, 0, 0, 161, 13
2, 151734, 287666, 286112, 94341, 85514, -1554, 0, 0, 0, 0, 0, -38, 0, 0, 193, 0, 0, 0, 155, 23
2, 151745, 288369, 286972, 91336, 84358, -1397, 0, 0, 0, 0, 0, -35, 0, 0, 190, 0, 0, 0, 155, 19
2, 151755, 289336, 287822, 92006, 83203, -1514, 0, 0, 0, 0, 0, -37, 0, 0, 187, 0, 0, 0, 150, 13
2, 151764, 290215, 288660, 91493, 82047, -1555, 0, 0, 0, 0, 0, -38, 0, 0, 185, 0, 0, 0, 147, 23
2, 151775, 291269, 289486, 93231, 80892, -1783, 0, 0, 0, 0, 0, -44, 0, 0, 182, 0, 0, 0, 138, 13
2, 151784, 292060, 290301, 91465, 79736, -1759, 0, 0, 0, 0, 0, -43, 0, 0, 180, 0, 0, 0, 137, 13
2, 151794, 292851, 291104, 89919, 78580, -1747, 0, 0, 0, 0, 0, -43, 0, 0, 177, 0, 0, 0, 134, 23
2, 151805, 293730, 291895, 89667, 77425, -1835, 0, 0, 0, 0, 0, -45, 0, 0, 174, 0, 0, 0, 129, 21
2, 151815, 294433, 292675, 87246, 76269, -1758, 0, 0, 0, 0, 0, -43, 0, 0, 172, 0, 0, 0, 129, 13
2, 151825, 295136, 293444, 85128, 75114, -1692, 0, 0, 0, 0, 0, -42, 0, 0, 169, 0, 0, 0, 127, 13
2, 151835, 295927, 294201, 84374, 73958, -1726, 0, 0, 0, 0, 0, -43, 0, 0, 167, 0, 0, 0, 124, 11
2, 151844, 296718, 294946, 83715, 72802, -1772, 0, 0, 0, 0, 0, -44, 0, 0, 164, 0, 0, 0, 120, 11
2, 151856, 297334, 295680, 80951, 71647, -1654, 0, 0, 0, 0, 0, -41, 0, 0, 161, 0, 0, 0, 120, 13
2, 151865, 298125, 296402, 80719, 70491, -1723, 0, 0, 0, 0, 0, -43, 0, 0, 159, 0, 0, 0, 116, 26
2, 151874, 298740, 297113, 78317, 69336, -1627, 0, 0, 0, 0, 0, -40, 0, 0, 156, 0, 0, 0, 116, 19
2, 151884, 299619, 297812, 79515, 68180, -1807, 0, 0, 0, 0, 0, -45, 0, 0, 153, 0, 0, 0, 108, 11
2, 151894, 300146, 298500, 76163, 67024, -1646, 0, 0, 0, 0, 0, -41, 0, 0, 151, 0, 0, 0, 110, 13
2, 151905, 300761, 299176, 74330, 65869, -1585, 0, 0, 0, 0, 0, -39, 0, 0, 148, 0, 0, 0, 109, 13
2, 151914, 301377, 299840, 72739, 64713, -1537, 0, 0, 0, 0, 0, -38, 0, 0, 146, 0, 0, 0, 108, 28
2, 151925, 301992, 300493, 71334, 63558, -1499, 0, 0, 0, 0, 0, -37, 0, 0, 143, 0, 0, 0, 106, 13
2, 151934, 302519, 301134, 69005, 62402, -1385, 0, 0, 0, 0, 0, -34, 0, 0, 140, 0, 0, 0, 106, 11
2, 151944, 302871, 301764, 64779, 61246, -1107, 0, 0, 0, 0, 0, -28, 0, 0, 138, 0, 0, 0, 110, 19
2, 151954, 303222, 302382, 61069, 60091, -840, 0, 0, 0, 0, 0, -21, 0, 0, 135, 0, 0, 0, 114, 19
2, 151965, 303574, 302989, 57836, 58935, -585, 0, 0, 0, 0, 0, -15, 0, 0, 133, 0, 0, 0, 118, 19
2, 151975, 304013, 303584, 56094, 57780, -429, 0, 0, 0, 0, 0, -11, 0, 0, 130, 0, 0, 0, 119, 13
2, 151984, 304453, 304168, 54582, 56624, -285, 0, 0, 0, 0, 0, -7, 0, 0, 127, 0, 0, 0, 120, 13
2, 151994, 304629, 304740, 49959, 55468, 111, 0, 0, 0, 0, 0, 2, 0, 0, 125, 0, 0, 0, 127, 11
2, 152005, 304717, 305300, 44814, 54313, 583, 0, 0, 0, 0, 0, 14, 0, 0, 122, 0, 0, 0, 136, 21
2, 152014, 305068, 305849, 43600, 53157, 781, 0, 0, 0, 0, 0, 19, 0, 0, 120, 0, 0, 0, 139, 26
2, 152025, 305508, 306387, 43650, 52002, 879, 0, 0, 0, 0, 0, 21, 0, 0, 117, 0, 0, 0, 138, 34
2, 152036, 306123, 306912, 45881, 50846, 789, 0, 0, 0, 0, 0, 19, 0, 0, 114, 0, 0, 0, 133, 19
2, 152045, 306562, 307427, 45634, 49690, 865, 0, 0, 0, 0, 0, 21, 0, 0, 112, 0, 0, 0, 133, 13
2, 152057, 307090, 307929, 46529, 48535, 839, 0, 0, 0, 0, 0, 20, 0, 0, 109, 0, 0, 0, 129, 13
2, 152066, 307793, 308420, 49501, 47379, 627, 0, 0, 0, 0, 0, 15, 0, 0, 106, 0, 0, 0, 121, 30
2, 152075, 308232, 308900, 48801, 46224, 668, 0, 0, 0, 0, 0, 16, 0, 0, 104, 0, 0, 0, 120, 19
2, 152084, 309023, 309368, 52588, 45068, 345, 0, 0, 0, 0, 0, 8, 0, 0, 101, 0, 0, 0, 109, 13
2, 152095, 309375, 309824, 50415, 43912, 449, 0, 0, 0, 0, 0, 10, 0, 0, 99, 0, 0, 0, 109, 19
2, 152105, 309814, 310269, 49600, 42757, 455, 0, 0, 0, 0, 0, 11, 0, 0, 96, 0, 0, 0, 107, 11
2, 152114, 310254, 310703, 48900, 41601, 449, 0, 0, 0, 0, 0, 10, 0, 0, 93, 0, 0, 0, 103, 13
2, 152125, 310781, 311125, 49375, 40446, 344, 0, 0, 0, 0, 0, 8, 0, 0, 91, 0, 0, 0, 99, 19
2, 152135, 311220, 311535, 48691, 39290, 315, 0, 0, 0, 0, 0, 7, 0, 0, 88, 0, 0, 0, 95, 21
2, 152144, 311572, 311933, 47004, 38134, 361, 0, 0, 0, 0, 0, 8, 0, 0, 86, 0, 0, 0, 94, 26
2, 152155, 311924, 312321, 45529, 36979, 397, 0, 0, 0, 0, 0, 9, 0, 0, 83, 0, 0, 0, 92, 21
2, 152164, 312187, 312696, 43125, 35823, 509, 0, 0, 0, 0, 0, 12, 0, 0, 80, 0, 0, 0, 92, 26
2, 152175, 312539, 313060, 42135, 34668, 521, 0, 0, 0, 0, 0, 12, 0, 0, 78, 0, 0, 0, 90, 13
2, 152184, 312715, 313413, 39068, 33512, 698, 0, 0, 0, 0, 0, 17, 0, 0, 75, 0, 0, 0, 92, 23
2, 152194, 312978, 313754, 37472, 32356, 776, 0, 0, 0, 0, 0, 18, 0, 0, 73, 0, 0, 0, 91, 26
2, 152205, 313242, 314083, 36088, 31201, 841, 0, 0, 0, 0, 0, 20, 0, 0, 70, 0, 0, 0, 90, 26
2, 152214, 313418, 314401, 33777, 30045, 983, 0, 0, 0, 0, 0, 23, 0, 0, 67, 0, 0, 0, 90, 28
2, 152225, 313681, 314707, 32842, 28890, 1026, 0, 0, 0, 0, 0, 25, 0, 0, 65, 0, 0, 0, 90, 26
2, 152234, 313857, 315002, 30937, 27734, 1145, 0, 0, 0, 0, 0, 27, 0, 0, 62, 0, 0, 0, 89, 11
2, 152244, 313945, 315285, 28170, 26578, 1340, 0, 0, 0, 0, 0, 32, 0, 0, 60, 0, 0, 0, 92, 28
2, 152255, 314209, 315556, 27949, 25423, 1347, 0, 0, 0, 0, 0, 32, 0, 0, 57, 0, 0, 0, 89, 34
2, 152265, 314384, 315816, 26643, 24267, 1432, 0, 0, 0, 0, 0, 34, 0, 0, 54, 0, 0, 0, 88, 19
2, 152274, 314384, 316065, 23312, 23112, 1681, 0, 0, 0, 0, 0, 41, 0, 0, 52, 0, 0, 0, 93, 26
2, 152284, 314648, 316302, 23698, 21956, 1654, 0, 0, 0, 0, 0, 40, 0, 0, 49, 0, 0, 0, 89, 34
2, 152294, 314736, 316527, 21836, 20800, 1791, 0, 0, 0, 0, 0, 43, 0, 0, 46, 0, 0, 0, 89, 34
2, 152308, 314824, 316741, 20206, 19645, 1917, 0, 0, 0, 0, 0, 46, 0, 0, 44, 0, 0, 0, 90, 13
2, 152315, 314824, 316943, 17681, 18489, 2119, 0, 0, 0, 0, 0, 51, 0, 0, 41, 0, 0, 0, 92, 34
2, 152325, 314912, 317134, 16571, 17334, 2222, 0, 0, 0, 0, 0, 54, 0, 0, 39, 0, 0, 0, 93, 26
2, 152335, 314824, 317313, 13399, 16178, 2489, 0, 0, 0, 0, 0, 60, 0, 0, 36, 0, 0, 0, 96, 34
2, 152345, 314824, 317480, 11724, 15022, 2656, 0, 0, 0, 0, 0, 64, 0, 0, 33, 0, 0, 0, 97, 34
2, 152355, 314824, 317636, 10259, 13867, 2812, 0, 0, 0, 0, 0, 68, 0, 0, 31, 0, 0, 0, 99, 42
2, 152364, 314824, 317781, 8977, 12711, 2957, 0, 0, 0, 0, 0, 72, 0, 0, 28, 0, 0, 0, 100, 38
2, 152375, 314912, 317914, 8954, 11556, 3002, 0, 0, 0, 0, 0, 73, 0, 0, 26, 0, 0, 0, 99, 61
2, 152384, 314912, 318035, 7835, 10400, 3123, 0, 0, 0, 0, 0, 76, 0, 0, 23, 0, 0, 0, 99, 44
2, 152394, 314912, 318145, 6856, 9244, 3233, 0, 0, 0, 0, 0, 78, 0, 0, 20, 0, 0, 0, 98, 46
2, 152405, 314912, 318243, 5999, 8089, 3331, 0, 0, 0, 0, 0, 81, 0, 0, 18, 0, 0, 0, 99, 40
2, 152414, 314912, 318330, 5249, 6933, 3418, 0, 0, 0, 0, 0, 83, 0, 0, 15, 0, 0, 0, 98, 42
2, 152425, 314912, 318405, 4593, 5778, 3493, 0, 0, 0, 0, 0, 85, 0, 0, 13, 0, 0, 0, 98, 44
2, 152434, 314912, 318468, 4019, 4622, 3556, 0, 0, 0, 0, 0, 86, 0, 0, 10, 0, 0, 0, 96, 44
2, 152444, 314912, 318520, 3516, 3466, 3608, 0, 0, 0, 0, 0, 88, 0, 0, 7, 0, 0, 0, 95, 44
2, 152456, 314912, 318561, 3077, 2311, 3649, 0, 0, 0, 0, 0, 89, 0, 0, 5, 0, 0, 0, 94, 42
2, 152466, 314912, 318590, 2692, 1155, 3678, 0, 0, 0, 0, 0, 89, 0, 0, 2, 0, 0, 0, 91, 53
2, 152475, 314912, 318607, 2356, 0, 3695, 0, 0, 0, 0, 0, 90, 0, 0, 0, 0, 0, 0, 90, 42
2, 152484, 0, 0, 2356, 0, 0, 0, 0, 0, 0, 0, 90, 0, 0, 0, 0, 0, 0, 0, 42
2, 152495, 0, 0, 2356, 0, 0, 0, 0, 0, 0, 0, 90, 0, 0, 0, 0, 0, 0, 0, 30
2, 152506, 0, 0, 2356, 0, 0, 0, 0, 0, 0, 0, 90, 0, 0, 0, 0, 0, 0, 0, 13
2, 152516, 0, 0, 2356, 0, 0, 0, 0, 0, 0, 0, 90, 0, 0, 0, 0, 0, 0, 0, 11
